indic_id,enforce_zone_id,metric_enforce_date,maille,indic_vi,indic_va,indic_vc,indic_ta
IND-292,D01,2022-12-01,DEPT,16225.0,,,
IND-292,D01,2023-01-01,DEPT,,16707.0,,
IND-292,D01,2023-02-01,DEPT,,17062.0,,
IND-292,D01,2023-03-01,DEPT,,17623.0,,
IND-292,D01,2023-04-01,DEPT,,18260.0,,
IND-292,D01,2023-05-01,DEPT,,18823.0,,
IND-292,D01,2023-06-01,DEPT,,19242.0,,
IND-292,D01,2023-07-01,DEPT,,19666.0,,
IND-292,D01,2023-08-01,DEPT,,19937.0,,
IND-292,D01,2023-09-01,DEPT,,20379.0,,
IND-292,D01,2023-10-01,DEPT,,20939.0,,
IND-292,D01,2023-11-01,DEPT,,21629.0,,
IND-292,D01,2023-12-01,DEPT,,22013.0,,
IND-292,D01,2024-01-01,DEPT,,22259.0,,
IND-292,D01,2024-02-01,DEPT,,22438.0,,
IND-292,D01,2024-03-01,DEPT,,22726.0,,
IND-292,D01,2024-04-01,DEPT,,22895.0,,
IND-292,D02,2022-12-01,DEPT,18905.0,,,
IND-292,D02,2023-01-01,DEPT,,19462.0,,
IND-292,D02,2023-02-01,DEPT,,19900.0,,
IND-292,D02,2023-03-01,DEPT,,20429.0,,
IND-292,D02,2023-04-01,DEPT,,21090.0,,
IND-292,D02,2023-05-01,DEPT,,21686.0,,
IND-292,D02,2023-06-01,DEPT,,22195.0,,
IND-292,D02,2023-07-01,DEPT,,22682.0,,
IND-292,D02,2023-08-01,DEPT,,23062.0,,
IND-292,D02,2023-09-01,DEPT,,23416.0,,
IND-292,D02,2023-10-01,DEPT,,23977.0,,
IND-292,D02,2023-11-01,DEPT,,24624.0,,
IND-292,D02,2023-12-01,DEPT,,25088.0,,
IND-292,D02,2024-01-01,DEPT,,25319.0,,
IND-292,D02,2024-02-01,DEPT,,25538.0,,
IND-292,D02,2024-03-01,DEPT,,25966.0,,
IND-292,D02,2024-04-01,DEPT,,26210.0,,
IND-292,D03,2022-12-01,DEPT,12912.0,,,
IND-292,D03,2023-01-01,DEPT,,13290.0,,
IND-292,D03,2023-02-01,DEPT,,13613.0,,
IND-292,D03,2023-03-01,DEPT,,14010.0,,
IND-292,D03,2023-04-01,DEPT,,14523.0,,
IND-292,D03,2023-05-01,DEPT,,14977.0,,
IND-292,D03,2023-06-01,DEPT,,15301.0,,
IND-292,D03,2023-07-01,DEPT,,15616.0,,
IND-292,D03,2023-08-01,DEPT,,15848.0,,
IND-292,D03,2023-09-01,DEPT,,16150.0,,
IND-292,D03,2023-10-01,DEPT,,16526.0,,
IND-292,D03,2023-11-01,DEPT,,16993.0,,
IND-292,D03,2023-12-01,DEPT,,17368.0,,
IND-292,D03,2024-01-01,DEPT,,17530.0,,
IND-292,D03,2024-02-01,DEPT,,17669.0,,
IND-292,D03,2024-03-01,DEPT,,17863.0,,
IND-292,D03,2024-04-01,DEPT,,17987.0,,
IND-292,D04,2022-12-01,DEPT,4419.0,,,
IND-292,D04,2023-01-01,DEPT,,4539.0,,
IND-292,D04,2023-02-01,DEPT,,4640.0,,
IND-292,D04,2023-03-01,DEPT,,4757.0,,
IND-292,D04,2023-04-01,DEPT,,4918.0,,
IND-292,D04,2023-05-01,DEPT,,5092.0,,
IND-292,D04,2023-06-01,DEPT,,5203.0,,
IND-292,D04,2023-07-01,DEPT,,5308.0,,
IND-292,D04,2023-08-01,DEPT,,5432.0,,
IND-292,D04,2023-09-01,DEPT,,5538.0,,
IND-292,D04,2023-10-01,DEPT,,5701.0,,
IND-292,D04,2023-11-01,DEPT,,5854.0,,
IND-292,D04,2023-12-01,DEPT,,6020.0,,
IND-292,D04,2024-01-01,DEPT,,6065.0,,
IND-292,D04,2024-02-01,DEPT,,6116.0,,
IND-292,D04,2024-03-01,DEPT,,6209.0,,
IND-292,D04,2024-04-01,DEPT,,6274.0,,
IND-292,D05,2022-12-01,DEPT,3486.0,,,
IND-292,D05,2023-01-01,DEPT,,3585.0,,
IND-292,D05,2023-02-01,DEPT,,3671.0,,
IND-292,D05,2023-03-01,DEPT,,3768.0,,
IND-292,D05,2023-04-01,DEPT,,3913.0,,
IND-292,D05,2023-05-01,DEPT,,4074.0,,
IND-292,D05,2023-06-01,DEPT,,4193.0,,
IND-292,D05,2023-07-01,DEPT,,4295.0,,
IND-292,D05,2023-08-01,DEPT,,4377.0,,
IND-292,D05,2023-09-01,DEPT,,4463.0,,
IND-292,D05,2023-10-01,DEPT,,4617.0,,
IND-292,D05,2023-11-01,DEPT,,4745.0,,
IND-292,D05,2023-12-01,DEPT,,4843.0,,
IND-292,D05,2024-01-01,DEPT,,4897.0,,
IND-292,D05,2024-02-01,DEPT,,4933.0,,
IND-292,D05,2024-03-01,DEPT,,4983.0,,
IND-292,D05,2024-04-01,DEPT,,5029.0,,
IND-292,D06,2022-12-01,DEPT,5794.0,,,
IND-292,D06,2023-01-01,DEPT,,6039.0,,
IND-292,D06,2023-02-01,DEPT,,6207.0,,
IND-292,D06,2023-03-01,DEPT,,6456.0,,
IND-292,D06,2023-04-01,DEPT,,6772.0,,
IND-292,D06,2023-05-01,DEPT,,7046.0,,
IND-292,D06,2023-06-01,DEPT,,7272.0,,
IND-292,D06,2023-07-01,DEPT,,7482.0,,
IND-292,D06,2023-08-01,DEPT,,7731.0,,
IND-292,D06,2023-09-01,DEPT,,7951.0,,
IND-292,D06,2023-10-01,DEPT,,8377.0,,
IND-292,D06,2023-11-01,DEPT,,8732.0,,
IND-292,D06,2023-12-01,DEPT,,9107.0,,
IND-292,D06,2024-01-01,DEPT,,9260.0,,
IND-292,D06,2024-02-01,DEPT,,9404.0,,
IND-292,D06,2024-03-01,DEPT,,9580.0,,
IND-292,D06,2024-04-01,DEPT,,9702.0,,
IND-292,D07,2022-12-01,DEPT,12037.0,,,
IND-292,D07,2023-01-01,DEPT,,12373.0,,
IND-292,D07,2023-02-01,DEPT,,12645.0,,
IND-292,D07,2023-03-01,DEPT,,13016.0,,
IND-292,D07,2023-04-01,DEPT,,13529.0,,
IND-292,D07,2023-05-01,DEPT,,14033.0,,
IND-292,D07,2023-06-01,DEPT,,14374.0,,
IND-292,D07,2023-07-01,DEPT,,14723.0,,
IND-292,D07,2023-08-01,DEPT,,14936.0,,
IND-292,D07,2023-09-01,DEPT,,15149.0,,
IND-292,D07,2023-10-01,DEPT,,15529.0,,
IND-292,D07,2023-11-01,DEPT,,16038.0,,
IND-292,D07,2023-12-01,DEPT,,16381.0,,
IND-292,D07,2024-01-01,DEPT,,16598.0,,
IND-292,D07,2024-02-01,DEPT,,16748.0,,
IND-292,D07,2024-03-01,DEPT,,16983.0,,
IND-292,D07,2024-04-01,DEPT,,17132.0,,
IND-292,D08,2022-12-01,DEPT,9917.0,,,
IND-292,D08,2023-01-01,DEPT,,10217.0,,
IND-292,D08,2023-02-01,DEPT,,10450.0,,
IND-292,D08,2023-03-01,DEPT,,10716.0,,
IND-292,D08,2023-04-01,DEPT,,11044.0,,
IND-292,D08,2023-05-01,DEPT,,11385.0,,
IND-292,D08,2023-06-01,DEPT,,11629.0,,
IND-292,D08,2023-07-01,DEPT,,11872.0,,
IND-292,D08,2023-08-01,DEPT,,12051.0,,
IND-292,D08,2023-09-01,DEPT,,12267.0,,
IND-292,D08,2023-10-01,DEPT,,12643.0,,
IND-292,D08,2023-11-01,DEPT,,12962.0,,
IND-292,D08,2023-12-01,DEPT,,13205.0,,
IND-292,D08,2024-01-01,DEPT,,13336.0,,
IND-292,D08,2024-02-01,DEPT,,13429.0,,
IND-292,D08,2024-03-01,DEPT,,13623.0,,
IND-292,D08,2024-04-01,DEPT,,13756.0,,
IND-292,D09,2022-12-01,DEPT,6575.0,,,
IND-292,D09,2023-01-01,DEPT,,6779.0,,
IND-292,D09,2023-02-01,DEPT,,6948.0,,
IND-292,D09,2023-03-01,DEPT,,7130.0,,
IND-292,D09,2023-04-01,DEPT,,7383.0,,
IND-292,D09,2023-05-01,DEPT,,7595.0,,
IND-292,D09,2023-06-01,DEPT,,7778.0,,
IND-292,D09,2023-07-01,DEPT,,7919.0,,
IND-292,D09,2023-08-01,DEPT,,8051.0,,
IND-292,D09,2023-09-01,DEPT,,8179.0,,
IND-292,D09,2023-10-01,DEPT,,8393.0,,
IND-292,D09,2023-11-01,DEPT,,8601.0,,
IND-292,D09,2023-12-01,DEPT,,8768.0,,
IND-292,D09,2024-01-01,DEPT,,8845.0,,
IND-292,D09,2024-02-01,DEPT,,8908.0,,
IND-292,D09,2024-03-01,DEPT,,9001.0,,
IND-292,D09,2024-04-01,DEPT,,9063.0,,
IND-292,D10,2022-12-01,DEPT,10307.0,,,
IND-292,D10,2023-01-01,DEPT,,10699.0,,
IND-292,D10,2023-02-01,DEPT,,10977.0,,
IND-292,D10,2023-03-01,DEPT,,11316.0,,
IND-292,D10,2023-04-01,DEPT,,11719.0,,
IND-292,D10,2023-05-01,DEPT,,12134.0,,
IND-292,D10,2023-06-01,DEPT,,12455.0,,
IND-292,D10,2023-07-01,DEPT,,12726.0,,
IND-292,D10,2023-08-01,DEPT,,12918.0,,
IND-292,D10,2023-09-01,DEPT,,13088.0,,
IND-292,D10,2023-10-01,DEPT,,13397.0,,
IND-292,D10,2023-11-01,DEPT,,13788.0,,
IND-292,D10,2023-12-01,DEPT,,14044.0,,
IND-292,D10,2024-01-01,DEPT,,14167.0,,
IND-292,D10,2024-02-01,DEPT,,14261.0,,
IND-292,D10,2024-03-01,DEPT,,14443.0,,
IND-292,D10,2024-04-01,DEPT,,14544.0,,
IND-292,D11,2022-12-01,DEPT,10787.0,,,
IND-292,D11,2023-01-01,DEPT,,11113.0,,
IND-292,D11,2023-02-01,DEPT,,11364.0,,
IND-292,D11,2023-03-01,DEPT,,11661.0,,
IND-292,D11,2023-04-01,DEPT,,12018.0,,
IND-292,D11,2023-05-01,DEPT,,12376.0,,
IND-292,D11,2023-06-01,DEPT,,12632.0,,
IND-292,D11,2023-07-01,DEPT,,12874.0,,
IND-292,D11,2023-08-01,DEPT,,13064.0,,
IND-292,D11,2023-09-01,DEPT,,13286.0,,
IND-292,D11,2023-10-01,DEPT,,13631.0,,
IND-292,D11,2023-11-01,DEPT,,14059.0,,
IND-292,D11,2023-12-01,DEPT,,14285.0,,
IND-292,D11,2024-01-01,DEPT,,14434.0,,
IND-292,D11,2024-02-01,DEPT,,14537.0,,
IND-292,D11,2024-03-01,DEPT,,14739.0,,
IND-292,D11,2024-04-01,DEPT,,14843.0,,
IND-292,D12,2022-12-01,DEPT,12260.0,,,
IND-292,D12,2023-01-01,DEPT,,12662.0,,
IND-292,D12,2023-02-01,DEPT,,13048.0,,
IND-292,D12,2023-03-01,DEPT,,13403.0,,
IND-292,D12,2023-04-01,DEPT,,13928.0,,
IND-292,D12,2023-05-01,DEPT,,14360.0,,
IND-292,D12,2023-06-01,DEPT,,14767.0,,
IND-292,D12,2023-07-01,DEPT,,15041.0,,
IND-292,D12,2023-08-01,DEPT,,15359.0,,
IND-292,D12,2023-09-01,DEPT,,15600.0,,
IND-292,D12,2023-10-01,DEPT,,15991.0,,
IND-292,D12,2023-11-01,DEPT,,16479.0,,
IND-292,D12,2023-12-01,DEPT,,16891.0,,
IND-292,D12,2024-01-01,DEPT,,17049.0,,
IND-292,D12,2024-02-01,DEPT,,17161.0,,
IND-292,D12,2024-03-01,DEPT,,17332.0,,
IND-292,D12,2024-04-01,DEPT,,17455.0,,
IND-292,D13,2022-12-01,DEPT,17971.0,,,
IND-292,D13,2023-01-01,DEPT,,18599.0,,
IND-292,D13,2023-02-01,DEPT,,19421.0,,
IND-292,D13,2023-03-01,DEPT,,20008.0,,
IND-292,D13,2023-04-01,DEPT,,20741.0,,
IND-292,D13,2023-05-01,DEPT,,21545.0,,
IND-292,D13,2023-06-01,DEPT,,22266.0,,
IND-292,D13,2023-07-01,DEPT,,22788.0,,
IND-292,D13,2023-08-01,DEPT,,23312.0,,
IND-292,D13,2023-09-01,DEPT,,23798.0,,
IND-292,D13,2023-10-01,DEPT,,24652.0,,
IND-292,D13,2023-11-01,DEPT,,25476.0,,
IND-292,D13,2023-12-01,DEPT,,26147.0,,
IND-292,D13,2024-01-01,DEPT,,26441.0,,
IND-292,D13,2024-02-01,DEPT,,26719.0,,
IND-292,D13,2024-03-01,DEPT,,27185.0,,
IND-292,D13,2024-04-01,DEPT,,27467.0,,
IND-292,D14,2022-12-01,DEPT,19449.0,,,
IND-292,D14,2023-01-01,DEPT,,20057.0,,
IND-292,D14,2023-02-01,DEPT,,20578.0,,
IND-292,D14,2023-03-01,DEPT,,21186.0,,
IND-292,D14,2023-04-01,DEPT,,22047.0,,
IND-292,D14,2023-05-01,DEPT,,22738.0,,
IND-292,D14,2023-06-01,DEPT,,23296.0,,
IND-292,D14,2023-07-01,DEPT,,23756.0,,
IND-292,D14,2023-08-01,DEPT,,24176.0,,
IND-292,D14,2023-09-01,DEPT,,24527.0,,
IND-292,D14,2023-10-01,DEPT,,25107.0,,
IND-292,D14,2023-11-01,DEPT,,25921.0,,
IND-292,D14,2023-12-01,DEPT,,26449.0,,
IND-292,D14,2024-01-01,DEPT,,26757.0,,
IND-292,D14,2024-02-01,DEPT,,26979.0,,
IND-292,D14,2024-03-01,DEPT,,27337.0,,
IND-292,D14,2024-04-01,DEPT,,27614.0,,
IND-292,D15,2022-12-01,DEPT,6095.0,,,
IND-292,D15,2023-01-01,DEPT,,6292.0,,
IND-292,D15,2023-02-01,DEPT,,6458.0,,
IND-292,D15,2023-03-01,DEPT,,6653.0,,
IND-292,D15,2023-04-01,DEPT,,6853.0,,
IND-292,D15,2023-05-01,DEPT,,7048.0,,
IND-292,D15,2023-06-01,DEPT,,7210.0,,
IND-292,D15,2023-07-01,DEPT,,7369.0,,
IND-292,D15,2023-08-01,DEPT,,7483.0,,
IND-292,D15,2023-09-01,DEPT,,7600.0,,
IND-292,D15,2023-10-01,DEPT,,7800.0,,
IND-292,D15,2023-11-01,DEPT,,8006.0,,
IND-292,D15,2023-12-01,DEPT,,8202.0,,
IND-292,D15,2024-01-01,DEPT,,8271.0,,
IND-292,D15,2024-02-01,DEPT,,8339.0,,
IND-292,D15,2024-03-01,DEPT,,8419.0,,
IND-292,D15,2024-04-01,DEPT,,8503.0,,
IND-292,D16,2022-12-01,DEPT,12857.0,,,
IND-292,D16,2023-01-01,DEPT,,13293.0,,
IND-292,D16,2023-02-01,DEPT,,13612.0,,
IND-292,D16,2023-03-01,DEPT,,14044.0,,
IND-292,D16,2023-04-01,DEPT,,14652.0,,
IND-292,D16,2023-05-01,DEPT,,15120.0,,
IND-292,D16,2023-06-01,DEPT,,15494.0,,
IND-292,D16,2023-07-01,DEPT,,15816.0,,
IND-292,D16,2023-08-01,DEPT,,16096.0,,
IND-292,D16,2023-09-01,DEPT,,16327.0,,
IND-292,D16,2023-10-01,DEPT,,16757.0,,
IND-292,D16,2023-11-01,DEPT,,17304.0,,
IND-292,D16,2023-12-01,DEPT,,17666.0,,
IND-292,D16,2024-01-01,DEPT,,17861.0,,
IND-292,D16,2024-02-01,DEPT,,18031.0,,
IND-292,D16,2024-03-01,DEPT,,18269.0,,
IND-292,D16,2024-04-01,DEPT,,18432.0,,
IND-292,D17,2022-12-01,DEPT,19675.0,,,
IND-292,D17,2023-01-01,DEPT,,20293.0,,
IND-292,D17,2023-02-01,DEPT,,20685.0,,
IND-292,D17,2023-03-01,DEPT,,21298.0,,
IND-292,D17,2023-04-01,DEPT,,22048.0,,
IND-292,D17,2023-05-01,DEPT,,22743.0,,
IND-292,D17,2023-06-01,DEPT,,23265.0,,
IND-292,D17,2023-07-01,DEPT,,23716.0,,
IND-292,D17,2023-08-01,DEPT,,24070.0,,
IND-292,D17,2023-09-01,DEPT,,24416.0,,
IND-292,D17,2023-10-01,DEPT,,25057.0,,
IND-292,D17,2023-11-01,DEPT,,25766.0,,
IND-292,D17,2023-12-01,DEPT,,26283.0,,
IND-292,D17,2024-01-01,DEPT,,26524.0,,
IND-292,D17,2024-02-01,DEPT,,26751.0,,
IND-292,D17,2024-03-01,DEPT,,27191.0,,
IND-292,D17,2024-04-01,DEPT,,27449.0,,
IND-292,D18,2022-12-01,DEPT,9493.0,,,
IND-292,D18,2023-01-01,DEPT,,9849.0,,
IND-292,D18,2023-02-01,DEPT,,10107.0,,
IND-292,D18,2023-03-01,DEPT,,10393.0,,
IND-292,D18,2023-04-01,DEPT,,10737.0,,
IND-292,D18,2023-05-01,DEPT,,11091.0,,
IND-292,D18,2023-06-01,DEPT,,11403.0,,
IND-292,D18,2023-07-01,DEPT,,11670.0,,
IND-292,D18,2023-08-01,DEPT,,11843.0,,
IND-292,D18,2023-09-01,DEPT,,12062.0,,
IND-292,D18,2023-10-01,DEPT,,12447.0,,
IND-292,D18,2023-11-01,DEPT,,12789.0,,
IND-292,D18,2023-12-01,DEPT,,13086.0,,
IND-292,D18,2024-01-01,DEPT,,13191.0,,
IND-292,D18,2024-02-01,DEPT,,13314.0,,
IND-292,D18,2024-03-01,DEPT,,13504.0,,
IND-292,D18,2024-04-01,DEPT,,13622.0,,
IND-292,D19,2022-12-01,DEPT,9212.0,,,
IND-292,D19,2023-01-01,DEPT,,9518.0,,
IND-292,D19,2023-02-01,DEPT,,9739.0,,
IND-292,D19,2023-03-01,DEPT,,9999.0,,
IND-292,D19,2023-04-01,DEPT,,10422.0,,
IND-292,D19,2023-05-01,DEPT,,10736.0,,
IND-292,D19,2023-06-01,DEPT,,11019.0,,
IND-292,D19,2023-07-01,DEPT,,11262.0,,
IND-292,D19,2023-08-01,DEPT,,11435.0,,
IND-292,D19,2023-09-01,DEPT,,11613.0,,
IND-292,D19,2023-10-01,DEPT,,12004.0,,
IND-292,D19,2023-11-01,DEPT,,12345.0,,
IND-292,D19,2023-12-01,DEPT,,12637.0,,
IND-292,D19,2024-01-01,DEPT,,12760.0,,
IND-292,D19,2024-02-01,DEPT,,12863.0,,
IND-292,D19,2024-03-01,DEPT,,13027.0,,
IND-292,D19,2024-04-01,DEPT,,13139.0,,
IND-292,D21,2022-12-01,DEPT,13985.0,,,
IND-292,D21,2023-01-01,DEPT,,14342.0,,
IND-292,D21,2023-02-01,DEPT,,14660.0,,
IND-292,D21,2023-03-01,DEPT,,15111.0,,
IND-292,D21,2023-04-01,DEPT,,15709.0,,
IND-292,D21,2023-05-01,DEPT,,16197.0,,
IND-292,D21,2023-06-01,DEPT,,16553.0,,
IND-292,D21,2023-07-01,DEPT,,16881.0,,
IND-292,D21,2023-08-01,DEPT,,17157.0,,
IND-292,D21,2023-09-01,DEPT,,17404.0,,
IND-292,D21,2023-10-01,DEPT,,17821.0,,
IND-292,D21,2023-11-01,DEPT,,18306.0,,
IND-292,D21,2023-12-01,DEPT,,18644.0,,
IND-292,D21,2024-01-01,DEPT,,18840.0,,
IND-292,D21,2024-02-01,DEPT,,18989.0,,
IND-292,D21,2024-03-01,DEPT,,19208.0,,
IND-292,D21,2024-04-01,DEPT,,19349.0,,
IND-292,D22,2022-12-01,DEPT,22922.0,,,
IND-292,D22,2023-01-01,DEPT,,23652.0,,
IND-292,D22,2023-02-01,DEPT,,24188.0,,
IND-292,D22,2023-03-01,DEPT,,24947.0,,
IND-292,D22,2023-04-01,DEPT,,25996.0,,
IND-292,D22,2023-05-01,DEPT,,26831.0,,
IND-292,D22,2023-06-01,DEPT,,27520.0,,
IND-292,D22,2023-07-01,DEPT,,28118.0,,
IND-292,D22,2023-08-01,DEPT,,28527.0,,
IND-292,D22,2023-09-01,DEPT,,28982.0,,
IND-292,D22,2023-10-01,DEPT,,29820.0,,
IND-292,D22,2023-11-01,DEPT,,30707.0,,
IND-292,D22,2023-12-01,DEPT,,31537.0,,
IND-292,D22,2024-01-01,DEPT,,31889.0,,
IND-292,D22,2024-02-01,DEPT,,32123.0,,
IND-292,D22,2024-03-01,DEPT,,32596.0,,
IND-292,D22,2024-04-01,DEPT,,32910.0,,
IND-292,D23,2022-12-01,DEPT,5642.0,,,
IND-292,D23,2023-01-01,DEPT,,5821.0,,
IND-292,D23,2023-02-01,DEPT,,5963.0,,
IND-292,D23,2023-03-01,DEPT,,6173.0,,
IND-292,D23,2023-04-01,DEPT,,6418.0,,
IND-292,D23,2023-05-01,DEPT,,6645.0,,
IND-292,D23,2023-06-01,DEPT,,6817.0,,
IND-292,D23,2023-07-01,DEPT,,6989.0,,
IND-292,D23,2023-08-01,DEPT,,7099.0,,
IND-292,D23,2023-09-01,DEPT,,7206.0,,
IND-292,D23,2023-10-01,DEPT,,7423.0,,
IND-292,D23,2023-11-01,DEPT,,7668.0,,
IND-292,D23,2023-12-01,DEPT,,7864.0,,
IND-292,D23,2024-01-01,DEPT,,7943.0,,
IND-292,D23,2024-02-01,DEPT,,8001.0,,
IND-292,D23,2024-03-01,DEPT,,8114.0,,
IND-292,D23,2024-04-01,DEPT,,8177.0,,
IND-292,D24,2022-12-01,DEPT,16029.0,,,
IND-292,D24,2023-01-01,DEPT,,16518.0,,
IND-292,D24,2023-02-01,DEPT,,16888.0,,
IND-292,D24,2023-03-01,DEPT,,17588.0,,
IND-292,D24,2023-04-01,DEPT,,18252.0,,
IND-292,D24,2023-05-01,DEPT,,18866.0,,
IND-292,D24,2023-06-01,DEPT,,19354.0,,
IND-292,D24,2023-07-01,DEPT,,19762.0,,
IND-292,D24,2023-08-01,DEPT,,20054.0,,
IND-292,D24,2023-09-01,DEPT,,20348.0,,
IND-292,D24,2023-10-01,DEPT,,20849.0,,
IND-292,D24,2023-11-01,DEPT,,21476.0,,
IND-292,D24,2023-12-01,DEPT,,21942.0,,
IND-292,D24,2024-01-01,DEPT,,22167.0,,
IND-292,D24,2024-02-01,DEPT,,22362.0,,
IND-292,D24,2024-03-01,DEPT,,22699.0,,
IND-292,D24,2024-04-01,DEPT,,22920.0,,
IND-292,D25,2022-12-01,DEPT,15376.0,,,
IND-292,D25,2023-01-01,DEPT,,15858.0,,
IND-292,D25,2023-02-01,DEPT,,16183.0,,
IND-292,D25,2023-03-01,DEPT,,16604.0,,
IND-292,D25,2023-04-01,DEPT,,17236.0,,
IND-292,D25,2023-05-01,DEPT,,17730.0,,
IND-292,D25,2023-06-01,DEPT,,18127.0,,
IND-292,D25,2023-07-01,DEPT,,18556.0,,
IND-292,D25,2023-08-01,DEPT,,18874.0,,
IND-292,D25,2023-09-01,DEPT,,19192.0,,
IND-292,D25,2023-10-01,DEPT,,19638.0,,
IND-292,D25,2023-11-01,DEPT,,20107.0,,
IND-292,D25,2023-12-01,DEPT,,20455.0,,
IND-292,D25,2024-01-01,DEPT,,20660.0,,
IND-292,D25,2024-02-01,DEPT,,20845.0,,
IND-292,D25,2024-03-01,DEPT,,21082.0,,
IND-292,D25,2024-04-01,DEPT,,21275.0,,
IND-292,D26,2022-12-01,DEPT,16605.0,,,
IND-292,D26,2023-01-01,DEPT,,17183.0,,
IND-292,D26,2023-02-01,DEPT,,17621.0,,
IND-292,D26,2023-03-01,DEPT,,18129.0,,
IND-292,D26,2023-04-01,DEPT,,19078.0,,
IND-292,D26,2023-05-01,DEPT,,19636.0,,
IND-292,D26,2023-06-01,DEPT,,20160.0,,
IND-292,D26,2023-07-01,DEPT,,20564.0,,
IND-292,D26,2023-08-01,DEPT,,21048.0,,
IND-292,D26,2023-09-01,DEPT,,21392.0,,
IND-292,D26,2023-10-01,DEPT,,22066.0,,
IND-292,D26,2023-11-01,DEPT,,22790.0,,
IND-292,D26,2023-12-01,DEPT,,23226.0,,
IND-292,D26,2024-01-01,DEPT,,23458.0,,
IND-292,D26,2024-02-01,DEPT,,23616.0,,
IND-292,D26,2024-03-01,DEPT,,23904.0,,
IND-292,D26,2024-04-01,DEPT,,24088.0,,
IND-292,D27,2022-12-01,DEPT,17310.0,,,
IND-292,D27,2023-01-01,DEPT,,17911.0,,
IND-292,D27,2023-02-01,DEPT,,18306.0,,
IND-292,D27,2023-03-01,DEPT,,18809.0,,
IND-292,D27,2023-04-01,DEPT,,19461.0,,
IND-292,D27,2023-05-01,DEPT,,20071.0,,
IND-292,D27,2023-06-01,DEPT,,20538.0,,
IND-292,D27,2023-07-01,DEPT,,20968.0,,
IND-292,D27,2023-08-01,DEPT,,21298.0,,
IND-292,D27,2023-09-01,DEPT,,21590.0,,
IND-292,D27,2023-10-01,DEPT,,22133.0,,
IND-292,D27,2023-11-01,DEPT,,22791.0,,
IND-292,D27,2023-12-01,DEPT,,23340.0,,
IND-292,D27,2024-01-01,DEPT,,23575.0,,
IND-292,D27,2024-02-01,DEPT,,23803.0,,
IND-292,D27,2024-03-01,DEPT,,24159.0,,
IND-292,D27,2024-04-01,DEPT,,24393.0,,
IND-292,D28,2022-12-01,DEPT,12809.0,,,
IND-292,D28,2023-01-01,DEPT,,13276.0,,
IND-292,D28,2023-02-01,DEPT,,13593.0,,
IND-292,D28,2023-03-01,DEPT,,13981.0,,
IND-292,D28,2023-04-01,DEPT,,14527.0,,
IND-292,D28,2023-05-01,DEPT,,14997.0,,
IND-292,D28,2023-06-01,DEPT,,15367.0,,
IND-292,D28,2023-07-01,DEPT,,15714.0,,
IND-292,D28,2023-08-01,DEPT,,15935.0,,
IND-292,D28,2023-09-01,DEPT,,16184.0,,
IND-292,D28,2023-10-01,DEPT,,16612.0,,
IND-292,D28,2023-11-01,DEPT,,17066.0,,
IND-292,D28,2023-12-01,DEPT,,17387.0,,
IND-292,D28,2024-01-01,DEPT,,17591.0,,
IND-292,D28,2024-02-01,DEPT,,17719.0,,
IND-292,D28,2024-03-01,DEPT,,17999.0,,
IND-292,D28,2024-04-01,DEPT,,18165.0,,
IND-292,D29,2022-12-01,DEPT,34729.0,,,
IND-292,D29,2023-01-01,DEPT,,35880.0,,
IND-292,D29,2023-02-01,DEPT,,36711.0,,
IND-292,D29,2023-03-01,DEPT,,37907.0,,
IND-292,D29,2023-04-01,DEPT,,39562.0,,
IND-292,D29,2023-05-01,DEPT,,40941.0,,
IND-292,D29,2023-06-01,DEPT,,41978.0,,
IND-292,D29,2023-07-01,DEPT,,42882.0,,
IND-292,D29,2023-08-01,DEPT,,43459.0,,
IND-292,D29,2023-09-01,DEPT,,44065.0,,
IND-292,D29,2023-10-01,DEPT,,45025.0,,
IND-292,D29,2023-11-01,DEPT,,46324.0,,
IND-292,D29,2023-12-01,DEPT,,47472.0,,
IND-292,D29,2024-01-01,DEPT,,47997.0,,
IND-292,D29,2024-02-01,DEPT,,48383.0,,
IND-292,D29,2024-03-01,DEPT,,49087.0,,
IND-292,D29,2024-04-01,DEPT,,49626.0,,
IND-292,D2A,2022-12-01,DEPT,1055.0,,,
IND-292,D2A,2023-01-01,DEPT,,1095.0,,
IND-292,D2A,2023-02-01,DEPT,,1118.0,,
IND-292,D2A,2023-03-01,DEPT,,1148.0,,
IND-292,D2A,2023-04-01,DEPT,,1187.0,,
IND-292,D2A,2023-05-01,DEPT,,1231.0,,
IND-292,D2A,2023-06-01,DEPT,,1255.0,,
IND-292,D2A,2023-07-01,DEPT,,1278.0,,
IND-292,D2A,2023-08-01,DEPT,,1302.0,,
IND-292,D2A,2023-09-01,DEPT,,1326.0,,
IND-292,D2A,2023-10-01,DEPT,,1375.0,,
IND-292,D2A,2023-11-01,DEPT,,1405.0,,
IND-292,D2A,2023-12-01,DEPT,,1551.0,,
IND-292,D2A,2024-01-01,DEPT,,1570.0,,
IND-292,D2A,2024-02-01,DEPT,,1585.0,,
IND-292,D2A,2024-03-01,DEPT,,1607.0,,
IND-292,D2A,2024-04-01,DEPT,,1623.0,,
IND-292,D2B,2022-12-01,DEPT,1864.0,,,
IND-292,D2B,2023-01-01,DEPT,,1910.0,,
IND-292,D2B,2023-02-01,DEPT,,1965.0,,
IND-292,D2B,2023-03-01,DEPT,,2005.0,,
IND-292,D2B,2023-04-01,DEPT,,2053.0,,
IND-292,D2B,2023-05-01,DEPT,,2129.0,,
IND-292,D2B,2023-06-01,DEPT,,2175.0,,
IND-292,D2B,2023-07-01,DEPT,,2226.0,,
IND-292,D2B,2023-08-01,DEPT,,2262.0,,
IND-292,D2B,2023-09-01,DEPT,,2289.0,,
IND-292,D2B,2023-10-01,DEPT,,2372.0,,
IND-292,D2B,2023-11-01,DEPT,,2441.0,,
IND-292,D2B,2023-12-01,DEPT,,2516.0,,
IND-292,D2B,2024-01-01,DEPT,,2538.0,,
IND-292,D2B,2024-02-01,DEPT,,2557.0,,
IND-292,D2B,2024-03-01,DEPT,,2585.0,,
IND-292,D2B,2024-04-01,DEPT,,2612.0,,
IND-292,D30,2022-12-01,DEPT,21137.0,,,
IND-292,D30,2023-01-01,DEPT,,21806.0,,
IND-292,D30,2023-02-01,DEPT,,22290.0,,
IND-292,D30,2023-03-01,DEPT,,22979.0,,
IND-292,D30,2023-04-01,DEPT,,23812.0,,
IND-292,D30,2023-05-01,DEPT,,24561.0,,
IND-292,D30,2023-06-01,DEPT,,25045.0,,
IND-292,D30,2023-07-01,DEPT,,25727.0,,
IND-292,D30,2023-08-01,DEPT,,26094.0,,
IND-292,D30,2023-09-01,DEPT,,26460.0,,
IND-292,D30,2023-10-01,DEPT,,27099.0,,
IND-292,D30,2023-11-01,DEPT,,27810.0,,
IND-292,D30,2023-12-01,DEPT,,28322.0,,
IND-292,D30,2024-01-01,DEPT,,28614.0,,
IND-292,D30,2024-02-01,DEPT,,28820.0,,
IND-292,D30,2024-03-01,DEPT,,29160.0,,
IND-292,D30,2024-04-01,DEPT,,29398.0,,
IND-292,D31,2022-12-01,DEPT,23173.0,,,
IND-292,D31,2023-01-01,DEPT,,23929.0,,
IND-292,D31,2023-02-01,DEPT,,24476.0,,
IND-292,D31,2023-03-01,DEPT,,25317.0,,
IND-292,D31,2023-04-01,DEPT,,26339.0,,
IND-292,D31,2023-05-01,DEPT,,27154.0,,
IND-292,D31,2023-06-01,DEPT,,27862.0,,
IND-292,D31,2023-07-01,DEPT,,28696.0,,
IND-292,D31,2023-08-01,DEPT,,29221.0,,
IND-292,D31,2023-09-01,DEPT,,29801.0,,
IND-292,D31,2023-10-01,DEPT,,30726.0,,
IND-292,D31,2023-11-01,DEPT,,31620.0,,
IND-292,D31,2023-12-01,DEPT,,32277.0,,
IND-292,D31,2024-01-01,DEPT,,32661.0,,
IND-292,D31,2024-02-01,DEPT,,32918.0,,
IND-292,D31,2024-03-01,DEPT,,33322.0,,
IND-292,D31,2024-04-01,DEPT,,33602.0,,
IND-292,D32,2022-12-01,DEPT,7612.0,,,
IND-292,D32,2023-01-01,DEPT,,7849.0,,
IND-292,D32,2023-02-01,DEPT,,8032.0,,
IND-292,D32,2023-03-01,DEPT,,8294.0,,
IND-292,D32,2023-04-01,DEPT,,8587.0,,
IND-292,D32,2023-05-01,DEPT,,8825.0,,
IND-292,D32,2023-06-01,DEPT,,9044.0,,
IND-292,D32,2023-07-01,DEPT,,9245.0,,
IND-292,D32,2023-08-01,DEPT,,9380.0,,
IND-292,D32,2023-09-01,DEPT,,9506.0,,
IND-292,D32,2023-10-01,DEPT,,9732.0,,
IND-292,D32,2023-11-01,DEPT,,10010.0,,
IND-292,D32,2023-12-01,DEPT,,10238.0,,
IND-292,D32,2024-01-01,DEPT,,10331.0,,
IND-292,D32,2024-02-01,DEPT,,10398.0,,
IND-292,D32,2024-03-01,DEPT,,10516.0,,
IND-292,D32,2024-04-01,DEPT,,10617.0,,
IND-292,D33,2022-12-01,DEPT,27274.0,,,
IND-292,D33,2023-01-01,DEPT,,28228.0,,
IND-292,D33,2023-02-01,DEPT,,28882.0,,
IND-292,D33,2023-03-01,DEPT,,29718.0,,
IND-292,D33,2023-04-01,DEPT,,30779.0,,
IND-292,D33,2023-05-01,DEPT,,31767.0,,
IND-292,D33,2023-06-01,DEPT,,32559.0,,
IND-292,D33,2023-07-01,DEPT,,33619.0,,
IND-292,D33,2023-08-01,DEPT,,34239.0,,
IND-292,D33,2023-09-01,DEPT,,34980.0,,
IND-292,D33,2023-10-01,DEPT,,36013.0,,
IND-292,D33,2023-11-01,DEPT,,37209.0,,
IND-292,D33,2023-12-01,DEPT,,38101.0,,
IND-292,D33,2024-01-01,DEPT,,38519.0,,
IND-292,D33,2024-02-01,DEPT,,38867.0,,
IND-292,D33,2024-03-01,DEPT,,39519.0,,
IND-292,D33,2024-04-01,DEPT,,39876.0,,
IND-292,D34,2022-12-01,DEPT,19579.0,,,
IND-292,D34,2023-01-01,DEPT,,20237.0,,
IND-292,D34,2023-02-01,DEPT,,20798.0,,
IND-292,D34,2023-03-01,DEPT,,21477.0,,
IND-292,D34,2023-04-01,DEPT,,22275.0,,
IND-292,D34,2023-05-01,DEPT,,22971.0,,
IND-292,D34,2023-06-01,DEPT,,23587.0,,
IND-292,D34,2023-07-01,DEPT,,24450.0,,
IND-292,D34,2023-08-01,DEPT,,24848.0,,
IND-292,D34,2023-09-01,DEPT,,25330.0,,
IND-292,D34,2023-10-01,DEPT,,26243.0,,
IND-292,D34,2023-11-01,DEPT,,27084.0,,
IND-292,D34,2023-12-01,DEPT,,27786.0,,
IND-292,D34,2024-01-01,DEPT,,28050.0,,
IND-292,D34,2024-02-01,DEPT,,28260.0,,
IND-292,D34,2024-03-01,DEPT,,28666.0,,
IND-292,D34,2024-04-01,DEPT,,28878.0,,
IND-292,D35,2022-12-01,DEPT,24380.0,,,
IND-292,D35,2023-01-01,DEPT,,25137.0,,
IND-292,D35,2023-02-01,DEPT,,25760.0,,
IND-292,D35,2023-03-01,DEPT,,26568.0,,
IND-292,D35,2023-04-01,DEPT,,27708.0,,
IND-292,D35,2023-05-01,DEPT,,28897.0,,
IND-292,D35,2023-06-01,DEPT,,29616.0,,
IND-292,D35,2023-07-01,DEPT,,30259.0,,
IND-292,D35,2023-08-01,DEPT,,30724.0,,
IND-292,D35,2023-09-01,DEPT,,31171.0,,
IND-292,D35,2023-10-01,DEPT,,31952.0,,
IND-292,D35,2023-11-01,DEPT,,32907.0,,
IND-292,D35,2023-12-01,DEPT,,33783.0,,
IND-292,D35,2024-01-01,DEPT,,34151.0,,
IND-292,D35,2024-02-01,DEPT,,34474.0,,
IND-292,D35,2024-03-01,DEPT,,34991.0,,
IND-292,D35,2024-04-01,DEPT,,35393.0,,
IND-292,D36,2022-12-01,DEPT,7742.0,,,
IND-292,D36,2023-01-01,DEPT,,7974.0,,
IND-292,D36,2023-02-01,DEPT,,8181.0,,
IND-292,D36,2023-03-01,DEPT,,8414.0,,
IND-292,D36,2023-04-01,DEPT,,8683.0,,
IND-292,D36,2023-05-01,DEPT,,8984.0,,
IND-292,D36,2023-06-01,DEPT,,9216.0,,
IND-292,D36,2023-07-01,DEPT,,9402.0,,
IND-292,D36,2023-08-01,DEPT,,9563.0,,
IND-292,D36,2023-09-01,DEPT,,9717.0,,
IND-292,D36,2023-10-01,DEPT,,9957.0,,
IND-292,D36,2023-11-01,DEPT,,10240.0,,
IND-292,D36,2023-12-01,DEPT,,10464.0,,
IND-292,D36,2024-01-01,DEPT,,10552.0,,
IND-292,D36,2024-02-01,DEPT,,10652.0,,
IND-292,D36,2024-03-01,DEPT,,10807.0,,
IND-292,D36,2024-04-01,DEPT,,10886.0,,
IND-292,D37,2022-12-01,DEPT,12964.0,,,
IND-292,D37,2023-01-01,DEPT,,13370.0,,
IND-292,D37,2023-02-01,DEPT,,13648.0,,
IND-292,D37,2023-03-01,DEPT,,14032.0,,
IND-292,D37,2023-04-01,DEPT,,14510.0,,
IND-292,D37,2023-05-01,DEPT,,15009.0,,
IND-292,D37,2023-06-01,DEPT,,15430.0,,
IND-292,D37,2023-07-01,DEPT,,15729.0,,
IND-292,D37,2023-08-01,DEPT,,15986.0,,
IND-292,D37,2023-09-01,DEPT,,16214.0,,
IND-292,D37,2023-10-01,DEPT,,16622.0,,
IND-292,D37,2023-11-01,DEPT,,17113.0,,
IND-292,D37,2023-12-01,DEPT,,17445.0,,
IND-292,D37,2024-01-01,DEPT,,17615.0,,
IND-292,D37,2024-02-01,DEPT,,17776.0,,
IND-292,D37,2024-03-01,DEPT,,18090.0,,
IND-292,D37,2024-04-01,DEPT,,18289.0,,
IND-292,D38,2022-12-01,DEPT,30100.0,,,
IND-292,D38,2023-01-01,DEPT,,31040.0,,
IND-292,D38,2023-02-01,DEPT,,31725.0,,
IND-292,D38,2023-03-01,DEPT,,32807.0,,
IND-292,D38,2023-04-01,DEPT,,34040.0,,
IND-292,D38,2023-05-01,DEPT,,35203.0,,
IND-292,D38,2023-06-01,DEPT,,36098.0,,
IND-292,D38,2023-07-01,DEPT,,36874.0,,
IND-292,D38,2023-08-01,DEPT,,37521.0,,
IND-292,D38,2023-09-01,DEPT,,37991.0,,
IND-292,D38,2023-10-01,DEPT,,38895.0,,
IND-292,D38,2023-11-01,DEPT,,39932.0,,
IND-292,D38,2023-12-01,DEPT,,40869.0,,
IND-292,D38,2024-01-01,DEPT,,41273.0,,
IND-292,D38,2024-02-01,DEPT,,41612.0,,
IND-292,D38,2024-03-01,DEPT,,42095.0,,
IND-292,D38,2024-04-01,DEPT,,42438.0,,
IND-292,D39,2022-12-01,DEPT,10116.0,,,
IND-292,D39,2023-01-01,DEPT,,10431.0,,
IND-292,D39,2023-02-01,DEPT,,10636.0,,
IND-292,D39,2023-03-01,DEPT,,10948.0,,
IND-292,D39,2023-04-01,DEPT,,11359.0,,
IND-292,D39,2023-05-01,DEPT,,11708.0,,
IND-292,D39,2023-06-01,DEPT,,12041.0,,
IND-292,D39,2023-07-01,DEPT,,12278.0,,
IND-292,D39,2023-08-01,DEPT,,12484.0,,
IND-292,D39,2023-09-01,DEPT,,12662.0,,
IND-292,D39,2023-10-01,DEPT,,12932.0,,
IND-292,D39,2023-11-01,DEPT,,13275.0,,
IND-292,D39,2023-12-01,DEPT,,13546.0,,
IND-292,D39,2024-01-01,DEPT,,13706.0,,
IND-292,D39,2024-02-01,DEPT,,13800.0,,
IND-292,D39,2024-03-01,DEPT,,13965.0,,
IND-292,D39,2024-04-01,DEPT,,14099.0,,
IND-292,D40,2022-12-01,DEPT,12787.0,,,
IND-292,D40,2023-01-01,DEPT,,13143.0,,
IND-292,D40,2023-02-01,DEPT,,13443.0,,
IND-292,D40,2023-03-01,DEPT,,13843.0,,
IND-292,D40,2023-04-01,DEPT,,14337.0,,
IND-292,D40,2023-05-01,DEPT,,14797.0,,
IND-292,D40,2023-06-01,DEPT,,15143.0,,
IND-292,D40,2023-07-01,DEPT,,15425.0,,
IND-292,D40,2023-08-01,DEPT,,15641.0,,
IND-292,D40,2023-09-01,DEPT,,15885.0,,
IND-292,D40,2023-10-01,DEPT,,16332.0,,
IND-292,D40,2023-11-01,DEPT,,16785.0,,
IND-292,D40,2023-12-01,DEPT,,17148.0,,
IND-292,D40,2024-01-01,DEPT,,17309.0,,
IND-292,D40,2024-02-01,DEPT,,17443.0,,
IND-292,D40,2024-03-01,DEPT,,17681.0,,
IND-292,D40,2024-04-01,DEPT,,17836.0,,
IND-292,D41,2022-12-01,DEPT,10164.0,,,
IND-292,D41,2023-01-01,DEPT,,10490.0,,
IND-292,D41,2023-02-01,DEPT,,10736.0,,
IND-292,D41,2023-03-01,DEPT,,11066.0,,
IND-292,D41,2023-04-01,DEPT,,11508.0,,
IND-292,D41,2023-05-01,DEPT,,11898.0,,
IND-292,D41,2023-06-01,DEPT,,12199.0,,
IND-292,D41,2023-07-01,DEPT,,12493.0,,
IND-292,D41,2023-08-01,DEPT,,12685.0,,
IND-292,D41,2023-09-01,DEPT,,12919.0,,
IND-292,D41,2023-10-01,DEPT,,13268.0,,
IND-292,D41,2023-11-01,DEPT,,13657.0,,
IND-292,D41,2023-12-01,DEPT,,13958.0,,
IND-292,D41,2024-01-01,DEPT,,14117.0,,
IND-292,D41,2024-02-01,DEPT,,14230.0,,
IND-292,D41,2024-03-01,DEPT,,14451.0,,
IND-292,D41,2024-04-01,DEPT,,14611.0,,
IND-292,D42,2022-12-01,DEPT,25460.0,,,
IND-292,D42,2023-01-01,DEPT,,26274.0,,
IND-292,D42,2023-02-01,DEPT,,27051.0,,
IND-292,D42,2023-03-01,DEPT,,27758.0,,
IND-292,D42,2023-04-01,DEPT,,28729.0,,
IND-292,D42,2023-05-01,DEPT,,29607.0,,
IND-292,D42,2023-06-01,DEPT,,30245.0,,
IND-292,D42,2023-07-01,DEPT,,30885.0,,
IND-292,D42,2023-08-01,DEPT,,31297.0,,
IND-292,D42,2023-09-01,DEPT,,31750.0,,
IND-292,D42,2023-10-01,DEPT,,32587.0,,
IND-292,D42,2023-11-01,DEPT,,33413.0,,
IND-292,D42,2023-12-01,DEPT,,33928.0,,
IND-292,D42,2024-01-01,DEPT,,34286.0,,
IND-292,D42,2024-02-01,DEPT,,34524.0,,
IND-292,D42,2024-03-01,DEPT,,34900.0,,
IND-292,D42,2024-04-01,DEPT,,35166.0,,
IND-292,D43,2022-12-01,DEPT,10687.0,,,
IND-292,D43,2023-01-01,DEPT,,11002.0,,
IND-292,D43,2023-02-01,DEPT,,11239.0,,
IND-292,D43,2023-03-01,DEPT,,11535.0,,
IND-292,D43,2023-04-01,DEPT,,12005.0,,
IND-292,D43,2023-05-01,DEPT,,12446.0,,
IND-292,D43,2023-06-01,DEPT,,12773.0,,
IND-292,D43,2023-07-01,DEPT,,13030.0,,
IND-292,D43,2023-08-01,DEPT,,13219.0,,
IND-292,D43,2023-09-01,DEPT,,13390.0,,
IND-292,D43,2023-10-01,DEPT,,13683.0,,
IND-292,D43,2023-11-01,DEPT,,14034.0,,
IND-292,D43,2023-12-01,DEPT,,14325.0,,
IND-292,D43,2024-01-01,DEPT,,14500.0,,
IND-292,D43,2024-02-01,DEPT,,14603.0,,
IND-292,D43,2024-03-01,DEPT,,14752.0,,
IND-292,D43,2024-04-01,DEPT,,14877.0,,
IND-292,D44,2022-12-01,DEPT,31289.0,,,
IND-292,D44,2023-01-01,DEPT,,32217.0,,
IND-292,D44,2023-02-01,DEPT,,33040.0,,
IND-292,D44,2023-03-01,DEPT,,34042.0,,
IND-292,D44,2023-04-01,DEPT,,35509.0,,
IND-292,D44,2023-05-01,DEPT,,36814.0,,
IND-292,D44,2023-06-01,DEPT,,37799.0,,
IND-292,D44,2023-07-01,DEPT,,38672.0,,
IND-292,D44,2023-08-01,DEPT,,39296.0,,
IND-292,D44,2023-09-01,DEPT,,40046.0,,
IND-292,D44,2023-10-01,DEPT,,41109.0,,
IND-292,D44,2023-11-01,DEPT,,42350.0,,
IND-292,D44,2023-12-01,DEPT,,43470.0,,
IND-292,D44,2024-01-01,DEPT,,43935.0,,
IND-292,D44,2024-02-01,DEPT,,44338.0,,
IND-292,D44,2024-03-01,DEPT,,45124.0,,
IND-292,D44,2024-04-01,DEPT,,45584.0,,
IND-292,D45,2022-12-01,DEPT,16777.0,,,
IND-292,D45,2023-01-01,DEPT,,17390.0,,
IND-292,D45,2023-02-01,DEPT,,17768.0,,
IND-292,D45,2023-03-01,DEPT,,18280.0,,
IND-292,D45,2023-04-01,DEPT,,18935.0,,
IND-292,D45,2023-05-01,DEPT,,19562.0,,
IND-292,D45,2023-06-01,DEPT,,20025.0,,
IND-292,D45,2023-07-01,DEPT,,20447.0,,
IND-292,D45,2023-08-01,DEPT,,20753.0,,
IND-292,D45,2023-09-01,DEPT,,21220.0,,
IND-292,D45,2023-10-01,DEPT,,21861.0,,
IND-292,D45,2023-11-01,DEPT,,22421.0,,
IND-292,D45,2023-12-01,DEPT,,23456.0,,
IND-292,D45,2024-01-01,DEPT,,23698.0,,
IND-292,D45,2024-02-01,DEPT,,23913.0,,
IND-292,D45,2024-03-01,DEPT,,24296.0,,
IND-292,D45,2024-04-01,DEPT,,24521.0,,
IND-292,D46,2022-12-01,DEPT,7143.0,,,
IND-292,D46,2023-01-01,DEPT,,7387.0,,
IND-292,D46,2023-02-01,DEPT,,7578.0,,
IND-292,D46,2023-03-01,DEPT,,7799.0,,
IND-292,D46,2023-04-01,DEPT,,8099.0,,
IND-292,D46,2023-05-01,DEPT,,8337.0,,
IND-292,D46,2023-06-01,DEPT,,8562.0,,
IND-292,D46,2023-07-01,DEPT,,8748.0,,
IND-292,D46,2023-08-01,DEPT,,8894.0,,
IND-292,D46,2023-09-01,DEPT,,9028.0,,
IND-292,D46,2023-10-01,DEPT,,9253.0,,
IND-292,D46,2023-11-01,DEPT,,9506.0,,
IND-292,D46,2023-12-01,DEPT,,9686.0,,
IND-292,D46,2024-01-01,DEPT,,9800.0,,
IND-292,D46,2024-02-01,DEPT,,9899.0,,
IND-292,D46,2024-03-01,DEPT,,10034.0,,
IND-292,D46,2024-04-01,DEPT,,10128.0,,
IND-292,D47,2022-12-01,DEPT,13631.0,,,
IND-292,D47,2023-01-01,DEPT,,14149.0,,
IND-292,D47,2023-02-01,DEPT,,14498.0,,
IND-292,D47,2023-03-01,DEPT,,14893.0,,
IND-292,D47,2023-04-01,DEPT,,15488.0,,
IND-292,D47,2023-05-01,DEPT,,15979.0,,
IND-292,D47,2023-06-01,DEPT,,16423.0,,
IND-292,D47,2023-07-01,DEPT,,16742.0,,
IND-292,D47,2023-08-01,DEPT,,17001.0,,
IND-292,D47,2023-09-01,DEPT,,17254.0,,
IND-292,D47,2023-10-01,DEPT,,17645.0,,
IND-292,D47,2023-11-01,DEPT,,18115.0,,
IND-292,D47,2023-12-01,DEPT,,18482.0,,
IND-292,D47,2024-01-01,DEPT,,18650.0,,
IND-292,D47,2024-02-01,DEPT,,18823.0,,
IND-292,D47,2024-03-01,DEPT,,19069.0,,
IND-292,D47,2024-04-01,DEPT,,19240.0,,
IND-292,D48,2022-12-01,DEPT,3315.0,,,
IND-292,D48,2023-01-01,DEPT,,3414.0,,
IND-292,D48,2023-02-01,DEPT,,3487.0,,
IND-292,D48,2023-03-01,DEPT,,3557.0,,
IND-292,D48,2023-04-01,DEPT,,3729.0,,
IND-292,D48,2023-05-01,DEPT,,3836.0,,
IND-292,D48,2023-06-01,DEPT,,3960.0,,
IND-292,D48,2023-07-01,DEPT,,4014.0,,
IND-292,D48,2023-08-01,DEPT,,4063.0,,
IND-292,D48,2023-09-01,DEPT,,4147.0,,
IND-292,D48,2023-10-01,DEPT,,4235.0,,
IND-292,D48,2023-11-01,DEPT,,4343.0,,
IND-292,D48,2023-12-01,DEPT,,4466.0,,
IND-292,D48,2024-01-01,DEPT,,4497.0,,
IND-292,D48,2024-02-01,DEPT,,4519.0,,
IND-292,D48,2024-03-01,DEPT,,4577.0,,
IND-292,D48,2024-04-01,DEPT,,4612.0,,
IND-292,D49,2022-12-01,DEPT,25371.0,,,
IND-292,D49,2023-01-01,DEPT,,26253.0,,
IND-292,D49,2023-02-01,DEPT,,26948.0,,
IND-292,D49,2023-03-01,DEPT,,27864.0,,
IND-292,D49,2023-04-01,DEPT,,29021.0,,
IND-292,D49,2023-05-01,DEPT,,30048.0,,
IND-292,D49,2023-06-01,DEPT,,30758.0,,
IND-292,D49,2023-07-01,DEPT,,31434.0,,
IND-292,D49,2023-08-01,DEPT,,31973.0,,
IND-292,D49,2023-09-01,DEPT,,32472.0,,
IND-292,D49,2023-10-01,DEPT,,33228.0,,
IND-292,D49,2023-11-01,DEPT,,34184.0,,
IND-292,D49,2023-12-01,DEPT,,35007.0,,
IND-292,D49,2024-01-01,DEPT,,35400.0,,
IND-292,D49,2024-02-01,DEPT,,35726.0,,
IND-292,D49,2024-03-01,DEPT,,36293.0,,
IND-292,D49,2024-04-01,DEPT,,36654.0,,
IND-292,D50,2022-12-01,DEPT,17681.0,,,
IND-292,D50,2023-01-01,DEPT,,18233.0,,
IND-292,D50,2023-02-01,DEPT,,18680.0,,
IND-292,D50,2023-03-01,DEPT,,19218.0,,
IND-292,D50,2023-04-01,DEPT,,19972.0,,
IND-292,D50,2023-05-01,DEPT,,20574.0,,
IND-292,D50,2023-06-01,DEPT,,21081.0,,
IND-292,D50,2023-07-01,DEPT,,21554.0,,
IND-292,D50,2023-08-01,DEPT,,21846.0,,
IND-292,D50,2023-09-01,DEPT,,22134.0,,
IND-292,D50,2023-10-01,DEPT,,22666.0,,
IND-292,D50,2023-11-01,DEPT,,23305.0,,
IND-292,D50,2023-12-01,DEPT,,23838.0,,
IND-292,D50,2024-01-01,DEPT,,24106.0,,
IND-292,D50,2024-02-01,DEPT,,24295.0,,
IND-292,D50,2024-03-01,DEPT,,24639.0,,
IND-292,D50,2024-04-01,DEPT,,24906.0,,
IND-292,D51,2022-12-01,DEPT,12020.0,,,
IND-292,D51,2023-01-01,DEPT,,12422.0,,
IND-292,D51,2023-02-01,DEPT,,12727.0,,
IND-292,D51,2023-03-01,DEPT,,13043.0,,
IND-292,D51,2023-04-01,DEPT,,13525.0,,
IND-292,D51,2023-05-01,DEPT,,14083.0,,
IND-292,D51,2023-06-01,DEPT,,14410.0,,
IND-292,D51,2023-07-01,DEPT,,14727.0,,
IND-292,D51,2023-08-01,DEPT,,14994.0,,
IND-292,D51,2023-09-01,DEPT,,15230.0,,
IND-292,D51,2023-10-01,DEPT,,15588.0,,
IND-292,D51,2023-11-01,DEPT,,16074.0,,
IND-292,D51,2023-12-01,DEPT,,16596.0,,
IND-292,D51,2024-01-01,DEPT,,16757.0,,
IND-292,D51,2024-02-01,DEPT,,16880.0,,
IND-292,D51,2024-03-01,DEPT,,17128.0,,
IND-292,D51,2024-04-01,DEPT,,17297.0,,
IND-292,D52,2022-12-01,DEPT,7228.0,,,
IND-292,D52,2023-01-01,DEPT,,7444.0,,
IND-292,D52,2023-02-01,DEPT,,7631.0,,
IND-292,D52,2023-03-01,DEPT,,7818.0,,
IND-292,D52,2023-04-01,DEPT,,8069.0,,
IND-292,D52,2023-05-01,DEPT,,8302.0,,
IND-292,D52,2023-06-01,DEPT,,8466.0,,
IND-292,D52,2023-07-01,DEPT,,8648.0,,
IND-292,D52,2023-08-01,DEPT,,8760.0,,
IND-292,D52,2023-09-01,DEPT,,8887.0,,
IND-292,D52,2023-10-01,DEPT,,9057.0,,
IND-292,D52,2023-11-01,DEPT,,9302.0,,
IND-292,D52,2023-12-01,DEPT,,9500.0,,
IND-292,D52,2024-01-01,DEPT,,9580.0,,
IND-292,D52,2024-02-01,DEPT,,9645.0,,
IND-292,D52,2024-03-01,DEPT,,9776.0,,
IND-292,D52,2024-04-01,DEPT,,9877.0,,
IND-292,D53,2022-12-01,DEPT,11581.0,,,
IND-292,D53,2023-01-01,DEPT,,11932.0,,
IND-292,D53,2023-02-01,DEPT,,12226.0,,
IND-292,D53,2023-03-01,DEPT,,12602.0,,
IND-292,D53,2023-04-01,DEPT,,13098.0,,
IND-292,D53,2023-05-01,DEPT,,13540.0,,
IND-292,D53,2023-06-01,DEPT,,13889.0,,
IND-292,D53,2023-07-01,DEPT,,14175.0,,
IND-292,D53,2023-08-01,DEPT,,14377.0,,
IND-292,D53,2023-09-01,DEPT,,14593.0,,
IND-292,D53,2023-10-01,DEPT,,14892.0,,
IND-292,D53,2023-11-01,DEPT,,15333.0,,
IND-292,D53,2023-12-01,DEPT,,15693.0,,
IND-292,D53,2024-01-01,DEPT,,15845.0,,
IND-292,D53,2024-02-01,DEPT,,15960.0,,
IND-292,D53,2024-03-01,DEPT,,16200.0,,
IND-292,D53,2024-04-01,DEPT,,16360.0,,
IND-292,D54,2022-12-01,DEPT,20639.0,,,
IND-292,D54,2023-01-01,DEPT,,21359.0,,
IND-292,D54,2023-02-01,DEPT,,21853.0,,
IND-292,D54,2023-03-01,DEPT,,22559.0,,
IND-292,D54,2023-04-01,DEPT,,23298.0,,
IND-292,D54,2023-05-01,DEPT,,24266.0,,
IND-292,D54,2023-06-01,DEPT,,24820.0,,
IND-292,D54,2023-07-01,DEPT,,25350.0,,
IND-292,D54,2023-08-01,DEPT,,25738.0,,
IND-292,D54,2023-09-01,DEPT,,26384.0,,
IND-292,D54,2023-10-01,DEPT,,27072.0,,
IND-292,D54,2023-11-01,DEPT,,27858.0,,
IND-292,D54,2023-12-01,DEPT,,28899.0,,
IND-292,D54,2024-01-01,DEPT,,29145.0,,
IND-292,D54,2024-02-01,DEPT,,29378.0,,
IND-292,D54,2024-03-01,DEPT,,29769.0,,
IND-292,D54,2024-04-01,DEPT,,30033.0,,
IND-292,D55,2022-12-01,DEPT,8282.0,,,
IND-292,D55,2023-01-01,DEPT,,8529.0,,
IND-292,D55,2023-02-01,DEPT,,8694.0,,
IND-292,D55,2023-03-01,DEPT,,8929.0,,
IND-292,D55,2023-04-01,DEPT,,9231.0,,
IND-292,D55,2023-05-01,DEPT,,9481.0,,
IND-292,D55,2023-06-01,DEPT,,9705.0,,
IND-292,D55,2023-07-01,DEPT,,9882.0,,
IND-292,D55,2023-08-01,DEPT,,10030.0,,
IND-292,D55,2023-09-01,DEPT,,10168.0,,
IND-292,D55,2023-10-01,DEPT,,10410.0,,
IND-292,D55,2023-11-01,DEPT,,10678.0,,
IND-292,D55,2023-12-01,DEPT,,10874.0,,
IND-292,D55,2024-01-01,DEPT,,10972.0,,
IND-292,D55,2024-02-01,DEPT,,11042.0,,
IND-292,D55,2024-03-01,DEPT,,11199.0,,
IND-292,D55,2024-04-01,DEPT,,11290.0,,
IND-292,D56,2022-12-01,DEPT,25939.0,,,
IND-292,D56,2023-01-01,DEPT,,26809.0,,
IND-292,D56,2023-02-01,DEPT,,27491.0,,
IND-292,D56,2023-03-01,DEPT,,28444.0,,
IND-292,D56,2023-04-01,DEPT,,29692.0,,
IND-292,D56,2023-05-01,DEPT,,30680.0,,
IND-292,D56,2023-06-01,DEPT,,31439.0,,
IND-292,D56,2023-07-01,DEPT,,32117.0,,
IND-292,D56,2023-08-01,DEPT,,32586.0,,
IND-292,D56,2023-09-01,DEPT,,33040.0,,
IND-292,D56,2023-10-01,DEPT,,33795.0,,
IND-292,D56,2023-11-01,DEPT,,34713.0,,
IND-292,D56,2023-12-01,DEPT,,35567.0,,
IND-292,D56,2024-01-01,DEPT,,35985.0,,
IND-292,D56,2024-02-01,DEPT,,36295.0,,
IND-292,D56,2024-03-01,DEPT,,36850.0,,
IND-292,D56,2024-04-01,DEPT,,37230.0,,
IND-292,D57,2022-12-01,DEPT,32874.0,,,
IND-292,D57,2023-01-01,DEPT,,33929.0,,
IND-292,D57,2023-02-01,DEPT,,34645.0,,
IND-292,D57,2023-03-01,DEPT,,35664.0,,
IND-292,D57,2023-04-01,DEPT,,36980.0,,
IND-292,D57,2023-05-01,DEPT,,38187.0,,
IND-292,D57,2023-06-01,DEPT,,39042.0,,
IND-292,D57,2023-07-01,DEPT,,39919.0,,
IND-292,D57,2023-08-01,DEPT,,40597.0,,
IND-292,D57,2023-09-01,DEPT,,41301.0,,
IND-292,D57,2023-10-01,DEPT,,42386.0,,
IND-292,D57,2023-11-01,DEPT,,43571.0,,
IND-292,D57,2023-12-01,DEPT,,44487.0,,
IND-292,D57,2024-01-01,DEPT,,44992.0,,
IND-292,D57,2024-02-01,DEPT,,45290.0,,
IND-292,D57,2024-03-01,DEPT,,45848.0,,
IND-292,D57,2024-04-01,DEPT,,46167.0,,
IND-292,D58,2022-12-01,DEPT,7052.0,,,
IND-292,D58,2023-01-01,DEPT,,7323.0,,
IND-292,D58,2023-02-01,DEPT,,7553.0,,
IND-292,D58,2023-03-01,DEPT,,7773.0,,
IND-292,D58,2023-04-01,DEPT,,8081.0,,
IND-292,D58,2023-05-01,DEPT,,8353.0,,
IND-292,D58,2023-06-01,DEPT,,8586.0,,
IND-292,D58,2023-07-01,DEPT,,8768.0,,
IND-292,D58,2023-08-01,DEPT,,8920.0,,
IND-292,D58,2023-09-01,DEPT,,9048.0,,
IND-292,D58,2023-10-01,DEPT,,9281.0,,
IND-292,D58,2023-11-01,DEPT,,9590.0,,
IND-292,D58,2023-12-01,DEPT,,9777.0,,
IND-292,D58,2024-01-01,DEPT,,9863.0,,
IND-292,D58,2024-02-01,DEPT,,9948.0,,
IND-292,D58,2024-03-01,DEPT,,10098.0,,
IND-292,D58,2024-04-01,DEPT,,10196.0,,
IND-292,D59,2022-12-01,DEPT,66454.0,,,
IND-292,D59,2023-01-01,DEPT,,68493.0,,
IND-292,D59,2023-02-01,DEPT,,69986.0,,
IND-292,D59,2023-03-01,DEPT,,71945.0,,
IND-292,D59,2023-04-01,DEPT,,74151.0,,
IND-292,D59,2023-05-01,DEPT,,76190.0,,
IND-292,D59,2023-06-01,DEPT,,77934.0,,
IND-292,D59,2023-07-01,DEPT,,79512.0,,
IND-292,D59,2023-08-01,DEPT,,80687.0,,
IND-292,D59,2023-09-01,DEPT,,82045.0,,
IND-292,D59,2023-10-01,DEPT,,84218.0,,
IND-292,D59,2023-11-01,DEPT,,86527.0,,
IND-292,D59,2023-12-01,DEPT,,88521.0,,
IND-292,D59,2024-01-01,DEPT,,89531.0,,
IND-292,D59,2024-02-01,DEPT,,90360.0,,
IND-292,D59,2024-03-01,DEPT,,91905.0,,
IND-292,D59,2024-04-01,DEPT,,93021.0,,
IND-292,D60,2022-12-01,DEPT,20218.0,,,
IND-292,D60,2023-01-01,DEPT,,20806.0,,
IND-292,D60,2023-02-01,DEPT,,21237.0,,
IND-292,D60,2023-03-01,DEPT,,21845.0,,
IND-292,D60,2023-04-01,DEPT,,22528.0,,
IND-292,D60,2023-05-01,DEPT,,23169.0,,
IND-292,D60,2023-06-01,DEPT,,23712.0,,
IND-292,D60,2023-07-01,DEPT,,24151.0,,
IND-292,D60,2023-08-01,DEPT,,24510.0,,
IND-292,D60,2023-09-01,DEPT,,24874.0,,
IND-292,D60,2023-10-01,DEPT,,25548.0,,
IND-292,D60,2023-11-01,DEPT,,26293.0,,
IND-292,D60,2023-12-01,DEPT,,26749.0,,
IND-292,D60,2024-01-01,DEPT,,27047.0,,
IND-292,D60,2024-02-01,DEPT,,27254.0,,
IND-292,D60,2024-03-01,DEPT,,27677.0,,
IND-292,D60,2024-04-01,DEPT,,27952.0,,
IND-292,D61,2022-12-01,DEPT,11872.0,,,
IND-292,D61,2023-01-01,DEPT,,12300.0,,
IND-292,D61,2023-02-01,DEPT,,12648.0,,
IND-292,D61,2023-03-01,DEPT,,13009.0,,
IND-292,D61,2023-04-01,DEPT,,13504.0,,
IND-292,D61,2023-05-01,DEPT,,13926.0,,
IND-292,D61,2023-06-01,DEPT,,14225.0,,
IND-292,D61,2023-07-01,DEPT,,14477.0,,
IND-292,D61,2023-08-01,DEPT,,14661.0,,
IND-292,D61,2023-09-01,DEPT,,14850.0,,
IND-292,D61,2023-10-01,DEPT,,15217.0,,
IND-292,D61,2023-11-01,DEPT,,15609.0,,
IND-292,D61,2023-12-01,DEPT,,15919.0,,
IND-292,D61,2024-01-01,DEPT,,16109.0,,
IND-292,D61,2024-02-01,DEPT,,16241.0,,
IND-292,D61,2024-03-01,DEPT,,16440.0,,
IND-292,D61,2024-04-01,DEPT,,16585.0,,
IND-292,D62,2022-12-01,DEPT,54964.0,,,
IND-292,D62,2023-01-01,DEPT,,56365.0,,
IND-292,D62,2023-02-01,DEPT,,57471.0,,
IND-292,D62,2023-03-01,DEPT,,58924.0,,
IND-292,D62,2023-04-01,DEPT,,60712.0,,
IND-292,D62,2023-05-01,DEPT,,62370.0,,
IND-292,D62,2023-06-01,DEPT,,63656.0,,
IND-292,D62,2023-07-01,DEPT,,64804.0,,
IND-292,D62,2023-08-01,DEPT,,65799.0,,
IND-292,D62,2023-09-01,DEPT,,66792.0,,
IND-292,D62,2023-10-01,DEPT,,68515.0,,
IND-292,D62,2023-11-01,DEPT,,70276.0,,
IND-292,D62,2023-12-01,DEPT,,71701.0,,
IND-292,D62,2024-01-01,DEPT,,72425.0,,
IND-292,D62,2024-02-01,DEPT,,73030.0,,
IND-292,D62,2024-03-01,DEPT,,74319.0,,
IND-292,D62,2024-04-01,DEPT,,75180.0,,
IND-292,D63,2022-12-01,DEPT,20191.0,,,
IND-292,D63,2023-01-01,DEPT,,20847.0,,
IND-292,D63,2023-02-01,DEPT,,21350.0,,
IND-292,D63,2023-03-01,DEPT,,21977.0,,
IND-292,D63,2023-04-01,DEPT,,22779.0,,
IND-292,D63,2023-05-01,DEPT,,23549.0,,
IND-292,D63,2023-06-01,DEPT,,24176.0,,
IND-292,D63,2023-07-01,DEPT,,24663.0,,
IND-292,D63,2023-08-01,DEPT,,25036.0,,
IND-292,D63,2023-09-01,DEPT,,25443.0,,
IND-292,D63,2023-10-01,DEPT,,26044.0,,
IND-292,D63,2023-11-01,DEPT,,26831.0,,
IND-292,D63,2023-12-01,DEPT,,27433.0,,
IND-292,D63,2024-01-01,DEPT,,27717.0,,
IND-292,D63,2024-02-01,DEPT,,27938.0,,
IND-292,D63,2024-03-01,DEPT,,28239.0,,
IND-292,D63,2024-04-01,DEPT,,28521.0,,
IND-292,D64,2022-12-01,DEPT,14965.0,,,
IND-292,D64,2023-01-01,DEPT,,15465.0,,
IND-292,D64,2023-02-01,DEPT,,15819.0,,
IND-292,D64,2023-03-01,DEPT,,16289.0,,
IND-292,D64,2023-04-01,DEPT,,16933.0,,
IND-292,D64,2023-05-01,DEPT,,17538.0,,
IND-292,D64,2023-06-01,DEPT,,18026.0,,
IND-292,D64,2023-07-01,DEPT,,18416.0,,
IND-292,D64,2023-08-01,DEPT,,18741.0,,
IND-292,D64,2023-09-01,DEPT,,19079.0,,
IND-292,D64,2023-10-01,DEPT,,19615.0,,
IND-292,D64,2023-11-01,DEPT,,20216.0,,
IND-292,D64,2023-12-01,DEPT,,20708.0,,
IND-292,D64,2024-01-01,DEPT,,20906.0,,
IND-292,D64,2024-02-01,DEPT,,21080.0,,
IND-292,D64,2024-03-01,DEPT,,21396.0,,
IND-292,D64,2024-04-01,DEPT,,21609.0,,
IND-292,D65,2022-12-01,DEPT,8558.0,,,
IND-292,D65,2023-01-01,DEPT,,8793.0,,
IND-292,D65,2023-02-01,DEPT,,8970.0,,
IND-292,D65,2023-03-01,DEPT,,9249.0,,
IND-292,D65,2023-04-01,DEPT,,9559.0,,
IND-292,D65,2023-05-01,DEPT,,9855.0,,
IND-292,D65,2023-06-01,DEPT,,10098.0,,
IND-292,D65,2023-07-01,DEPT,,10338.0,,
IND-292,D65,2023-08-01,DEPT,,10513.0,,
IND-292,D65,2023-09-01,DEPT,,10691.0,,
IND-292,D65,2023-10-01,DEPT,,10933.0,,
IND-292,D65,2023-11-01,DEPT,,11190.0,,
IND-292,D65,2023-12-01,DEPT,,11439.0,,
IND-292,D65,2024-01-01,DEPT,,11540.0,,
IND-292,D65,2024-02-01,DEPT,,11608.0,,
IND-292,D65,2024-03-01,DEPT,,11738.0,,
IND-292,D65,2024-04-01,DEPT,,11821.0,,
IND-292,D66,2022-12-01,DEPT,8809.0,,,
IND-292,D66,2023-01-01,DEPT,,9127.0,,
IND-292,D66,2023-02-01,DEPT,,9339.0,,
IND-292,D66,2023-03-01,DEPT,,9632.0,,
IND-292,D66,2023-04-01,DEPT,,9988.0,,
IND-292,D66,2023-05-01,DEPT,,10310.0,,
IND-292,D66,2023-06-01,DEPT,,10593.0,,
IND-292,D66,2023-07-01,DEPT,,10854.0,,
IND-292,D66,2023-08-01,DEPT,,11052.0,,
IND-292,D66,2023-09-01,DEPT,,11246.0,,
IND-292,D66,2023-10-01,DEPT,,11564.0,,
IND-292,D66,2023-11-01,DEPT,,12062.0,,
IND-292,D66,2023-12-01,DEPT,,12345.0,,
IND-292,D66,2024-01-01,DEPT,,12465.0,,
IND-292,D66,2024-02-01,DEPT,,12568.0,,
IND-292,D66,2024-03-01,DEPT,,12745.0,,
IND-292,D66,2024-04-01,DEPT,,12850.0,,
IND-292,D67,2022-12-01,DEPT,24057.0,,,
IND-292,D67,2023-01-01,DEPT,,24852.0,,
IND-292,D67,2023-02-01,DEPT,,25431.0,,
IND-292,D67,2023-03-01,DEPT,,26221.0,,
IND-292,D67,2023-04-01,DEPT,,27333.0,,
IND-292,D67,2023-05-01,DEPT,,28276.0,,
IND-292,D67,2023-06-01,DEPT,,28971.0,,
IND-292,D67,2023-07-01,DEPT,,29618.0,,
IND-292,D67,2023-08-01,DEPT,,30170.0,,
IND-292,D67,2023-09-01,DEPT,,30735.0,,
IND-292,D67,2023-10-01,DEPT,,32060.0,,
IND-292,D67,2023-11-01,DEPT,,32876.0,,
IND-292,D67,2023-12-01,DEPT,,33844.0,,
IND-292,D67,2024-01-01,DEPT,,34180.0,,
IND-292,D67,2024-02-01,DEPT,,34473.0,,
IND-292,D67,2024-03-01,DEPT,,34867.0,,
IND-292,D67,2024-04-01,DEPT,,35092.0,,
IND-292,D68,2022-12-01,DEPT,14160.0,,,
IND-292,D68,2023-01-01,DEPT,,14675.0,,
IND-292,D68,2023-02-01,DEPT,,15091.0,,
IND-292,D68,2023-03-01,DEPT,,15767.0,,
IND-292,D68,2023-04-01,DEPT,,16375.0,,
IND-292,D68,2023-05-01,DEPT,,16984.0,,
IND-292,D68,2023-06-01,DEPT,,17393.0,,
IND-292,D68,2023-07-01,DEPT,,17744.0,,
IND-292,D68,2023-08-01,DEPT,,18104.0,,
IND-292,D68,2023-09-01,DEPT,,18507.0,,
IND-292,D68,2023-10-01,DEPT,,19064.0,,
IND-292,D68,2023-11-01,DEPT,,19619.0,,
IND-292,D68,2023-12-01,DEPT,,20090.0,,
IND-292,D68,2024-01-01,DEPT,,20325.0,,
IND-292,D68,2024-02-01,DEPT,,20483.0,,
IND-292,D68,2024-03-01,DEPT,,20766.0,,
IND-292,D68,2024-04-01,DEPT,,20960.0,,
IND-292,D69,2022-12-01,DEPT,20689.0,,,
IND-292,D69,2023-01-01,DEPT,,21365.0,,
IND-292,D69,2023-02-01,DEPT,,21809.0,,
IND-292,D69,2023-03-01,DEPT,,22499.0,,
IND-292,D69,2023-04-01,DEPT,,23383.0,,
IND-292,D69,2023-05-01,DEPT,,24110.0,,
IND-292,D69,2023-06-01,DEPT,,24972.0,,
IND-292,D69,2023-07-01,DEPT,,25661.0,,
IND-292,D69,2023-08-01,DEPT,,26196.0,,
IND-292,D69,2023-09-01,DEPT,,26698.0,,
IND-292,D69,2023-10-01,DEPT,,27551.0,,
IND-292,D69,2023-11-01,DEPT,,28421.0,,
IND-292,D69,2023-12-01,DEPT,,30577.0,,
IND-292,D69,2024-01-01,DEPT,,30956.0,,
IND-292,D69,2024-02-01,DEPT,,31257.0,,
IND-292,D69,2024-03-01,DEPT,,31673.0,,
IND-292,D69,2024-04-01,DEPT,,31967.0,,
IND-292,D70,2022-12-01,DEPT,11064.0,,,
IND-292,D70,2023-01-01,DEPT,,11389.0,,
IND-292,D70,2023-02-01,DEPT,,11644.0,,
IND-292,D70,2023-03-01,DEPT,,11975.0,,
IND-292,D70,2023-04-01,DEPT,,12335.0,,
IND-292,D70,2023-05-01,DEPT,,12718.0,,
IND-292,D70,2023-06-01,DEPT,,12998.0,,
IND-292,D70,2023-07-01,DEPT,,13270.0,,
IND-292,D70,2023-08-01,DEPT,,13453.0,,
IND-292,D70,2023-09-01,DEPT,,13622.0,,
IND-292,D70,2023-10-01,DEPT,,13911.0,,
IND-292,D70,2023-11-01,DEPT,,14240.0,,
IND-292,D70,2023-12-01,DEPT,,14485.0,,
IND-292,D70,2024-01-01,DEPT,,14629.0,,
IND-292,D70,2024-02-01,DEPT,,14714.0,,
IND-292,D70,2024-03-01,DEPT,,14903.0,,
IND-292,D70,2024-04-01,DEPT,,15019.0,,
IND-292,D71,2022-12-01,DEPT,22844.0,,,
IND-292,D71,2023-01-01,DEPT,,23538.0,,
IND-292,D71,2023-02-01,DEPT,,24074.0,,
IND-292,D71,2023-03-01,DEPT,,24772.0,,
IND-292,D71,2023-04-01,DEPT,,25634.0,,
IND-292,D71,2023-05-01,DEPT,,26457.0,,
IND-292,D71,2023-06-01,DEPT,,27024.0,,
IND-292,D71,2023-07-01,DEPT,,27520.0,,
IND-292,D71,2023-08-01,DEPT,,27924.0,,
IND-292,D71,2023-09-01,DEPT,,28274.0,,
IND-292,D71,2023-10-01,DEPT,,29018.0,,
IND-292,D71,2023-11-01,DEPT,,29873.0,,
IND-292,D71,2023-12-01,DEPT,,30570.0,,
IND-292,D71,2024-01-01,DEPT,,30957.0,,
IND-292,D71,2024-02-01,DEPT,,31184.0,,
IND-292,D71,2024-03-01,DEPT,,31571.0,,
IND-292,D71,2024-04-01,DEPT,,31820.0,,
IND-292,D72,2022-12-01,DEPT,18687.0,,,
IND-292,D72,2023-01-01,DEPT,,19263.0,,
IND-292,D72,2023-02-01,DEPT,,19683.0,,
IND-292,D72,2023-03-01,DEPT,,20361.0,,
IND-292,D72,2023-04-01,DEPT,,21216.0,,
IND-292,D72,2023-05-01,DEPT,,21887.0,,
IND-292,D72,2023-06-01,DEPT,,22453.0,,
IND-292,D72,2023-07-01,DEPT,,22935.0,,
IND-292,D72,2023-08-01,DEPT,,23291.0,,
IND-292,D72,2023-09-01,DEPT,,23597.0,,
IND-292,D72,2023-10-01,DEPT,,24104.0,,
IND-292,D72,2023-11-01,DEPT,,24815.0,,
IND-292,D72,2023-12-01,DEPT,,25341.0,,
IND-292,D72,2024-01-01,DEPT,,25688.0,,
IND-292,D72,2024-02-01,DEPT,,25930.0,,
IND-292,D72,2024-03-01,DEPT,,26335.0,,
IND-292,D72,2024-04-01,DEPT,,26584.0,,
IND-292,D73,2022-12-01,DEPT,8036.0,,,
IND-292,D73,2023-01-01,DEPT,,8251.0,,
IND-292,D73,2023-02-01,DEPT,,8458.0,,
IND-292,D73,2023-03-01,DEPT,,8709.0,,
IND-292,D73,2023-04-01,DEPT,,9065.0,,
IND-292,D73,2023-05-01,DEPT,,9445.0,,
IND-292,D73,2023-06-01,DEPT,,9730.0,,
IND-292,D73,2023-07-01,DEPT,,9992.0,,
IND-292,D73,2023-08-01,DEPT,,10195.0,,
IND-292,D73,2023-09-01,DEPT,,10392.0,,
IND-292,D73,2023-10-01,DEPT,,10663.0,,
IND-292,D73,2023-11-01,DEPT,,11063.0,,
IND-292,D73,2023-12-01,DEPT,,11302.0,,
IND-292,D73,2024-01-01,DEPT,,11416.0,,
IND-292,D73,2024-02-01,DEPT,,11492.0,,
IND-292,D73,2024-03-01,DEPT,,11624.0,,
IND-292,D73,2024-04-01,DEPT,,11706.0,,
IND-292,D74,2022-12-01,DEPT,8117.0,,,
IND-292,D74,2023-01-01,DEPT,,8384.0,,
IND-292,D74,2023-02-01,DEPT,,8611.0,,
IND-292,D74,2023-03-01,DEPT,,8907.0,,
IND-292,D74,2023-04-01,DEPT,,9323.0,,
IND-292,D74,2023-05-01,DEPT,,9667.0,,
IND-292,D74,2023-06-01,DEPT,,9994.0,,
IND-292,D74,2023-07-01,DEPT,,10391.0,,
IND-292,D74,2023-08-01,DEPT,,10584.0,,
IND-292,D74,2023-09-01,DEPT,,10882.0,,
IND-292,D74,2023-10-01,DEPT,,11321.0,,
IND-292,D74,2023-11-01,DEPT,,11792.0,,
IND-292,D74,2023-12-01,DEPT,,12332.0,,
IND-292,D74,2024-01-01,DEPT,,12455.0,,
IND-292,D74,2024-02-01,DEPT,,12572.0,,
IND-292,D74,2024-03-01,DEPT,,12710.0,,
IND-292,D74,2024-04-01,DEPT,,12805.0,,
IND-292,D75,2022-12-01,DEPT,3398.0,,,
IND-292,D75,2023-01-01,DEPT,,3550.0,,
IND-292,D75,2023-02-01,DEPT,,3659.0,,
IND-292,D75,2023-03-01,DEPT,,3791.0,,
IND-292,D75,2023-04-01,DEPT,,4025.0,,
IND-292,D75,2023-05-01,DEPT,,4152.0,,
IND-292,D75,2023-06-01,DEPT,,4269.0,,
IND-292,D75,2023-07-01,DEPT,,4449.0,,
IND-292,D75,2023-08-01,DEPT,,4875.0,,
IND-292,D75,2023-09-01,DEPT,,5135.0,,
IND-292,D75,2023-10-01,DEPT,,5753.0,,
IND-292,D75,2023-11-01,DEPT,,6433.0,,
IND-292,D75,2023-12-01,DEPT,,7411.0,,
IND-292,D75,2024-01-01,DEPT,,7526.0,,
IND-292,D75,2024-02-01,DEPT,,7683.0,,
IND-292,D75,2024-03-01,DEPT,,7928.0,,
IND-292,D75,2024-04-01,DEPT,,8048.0,,
IND-292,D76,2022-12-01,DEPT,29144.0,,,
IND-292,D76,2023-01-01,DEPT,,30160.0,,
IND-292,D76,2023-02-01,DEPT,,30793.0,,
IND-292,D76,2023-03-01,DEPT,,31676.0,,
IND-292,D76,2023-04-01,DEPT,,32916.0,,
IND-292,D76,2023-05-01,DEPT,,33995.0,,
IND-292,D76,2023-06-01,DEPT,,34852.0,,
IND-292,D76,2023-07-01,DEPT,,35566.0,,
IND-292,D76,2023-08-01,DEPT,,36169.0,,
IND-292,D76,2023-09-01,DEPT,,36682.0,,
IND-292,D76,2023-10-01,DEPT,,37813.0,,
IND-292,D76,2023-11-01,DEPT,,38874.0,,
IND-292,D76,2023-12-01,DEPT,,39767.0,,
IND-292,D76,2024-01-01,DEPT,,40255.0,,
IND-292,D76,2024-02-01,DEPT,,40630.0,,
IND-292,D76,2024-03-01,DEPT,,41282.0,,
IND-292,D76,2024-04-01,DEPT,,41737.0,,
IND-292,D77,2022-12-01,DEPT,38160.0,,,
IND-292,D77,2023-01-01,DEPT,,39362.0,,
IND-292,D77,2023-02-01,DEPT,,40187.0,,
IND-292,D77,2023-03-01,DEPT,,41332.0,,
IND-292,D77,2023-04-01,DEPT,,42723.0,,
IND-292,D77,2023-05-01,DEPT,,44141.0,,
IND-292,D77,2023-06-01,DEPT,,45205.0,,
IND-292,D77,2023-07-01,DEPT,,46262.0,,
IND-292,D77,2023-08-01,DEPT,,46933.0,,
IND-292,D77,2023-09-01,DEPT,,47640.0,,
IND-292,D77,2023-10-01,DEPT,,48919.0,,
IND-292,D77,2023-11-01,DEPT,,50496.0,,
IND-292,D77,2023-12-01,DEPT,,51484.0,,
IND-292,D77,2024-01-01,DEPT,,52218.0,,
IND-292,D77,2024-02-01,DEPT,,52679.0,,
IND-292,D77,2024-03-01,DEPT,,53622.0,,
IND-292,D77,2024-04-01,DEPT,,54178.0,,
IND-292,D78,2022-12-01,DEPT,20125.0,,,
IND-292,D78,2023-01-01,DEPT,,20787.0,,
IND-292,D78,2023-02-01,DEPT,,21403.0,,
IND-292,D78,2023-03-01,DEPT,,22038.0,,
IND-292,D78,2023-04-01,DEPT,,22851.0,,
IND-292,D78,2023-05-01,DEPT,,23700.0,,
IND-292,D78,2023-06-01,DEPT,,24381.0,,
IND-292,D78,2023-07-01,DEPT,,25610.0,,
IND-292,D78,2023-08-01,DEPT,,26153.0,,
IND-292,D78,2023-09-01,DEPT,,26742.0,,
IND-292,D78,2023-10-01,DEPT,,27510.0,,
IND-292,D78,2023-11-01,DEPT,,28646.0,,
IND-292,D78,2023-12-01,DEPT,,30229.0,,
IND-292,D78,2024-01-01,DEPT,,30536.0,,
IND-292,D78,2024-02-01,DEPT,,30771.0,,
IND-292,D78,2024-03-01,DEPT,,31250.0,,
IND-292,D78,2024-04-01,DEPT,,31560.0,,
IND-292,D79,2022-12-01,DEPT,16074.0,,,
IND-292,D79,2023-01-01,DEPT,,16676.0,,
IND-292,D79,2023-02-01,DEPT,,17033.0,,
IND-292,D79,2023-03-01,DEPT,,17572.0,,
IND-292,D79,2023-04-01,DEPT,,18291.0,,
IND-292,D79,2023-05-01,DEPT,,18936.0,,
IND-292,D79,2023-06-01,DEPT,,19377.0,,
IND-292,D79,2023-07-01,DEPT,,19790.0,,
IND-292,D79,2023-08-01,DEPT,,20135.0,,
IND-292,D79,2023-09-01,DEPT,,20514.0,,
IND-292,D79,2023-10-01,DEPT,,21058.0,,
IND-292,D79,2023-11-01,DEPT,,21654.0,,
IND-292,D79,2023-12-01,DEPT,,22115.0,,
IND-292,D79,2024-01-01,DEPT,,22347.0,,
IND-292,D79,2024-02-01,DEPT,,22545.0,,
IND-292,D79,2024-03-01,DEPT,,22895.0,,
IND-292,D79,2024-04-01,DEPT,,23122.0,,
IND-292,D80,2022-12-01,DEPT,19769.0,,,
IND-292,D80,2023-01-01,DEPT,,20325.0,,
IND-292,D80,2023-02-01,DEPT,,20742.0,,
IND-292,D80,2023-03-01,DEPT,,21221.0,,
IND-292,D80,2023-04-01,DEPT,,21897.0,,
IND-292,D80,2023-05-01,DEPT,,22531.0,,
IND-292,D80,2023-06-01,DEPT,,23036.0,,
IND-292,D80,2023-07-01,DEPT,,23464.0,,
IND-292,D80,2023-08-01,DEPT,,23868.0,,
IND-292,D80,2023-09-01,DEPT,,24188.0,,
IND-292,D80,2023-10-01,DEPT,,24781.0,,
IND-292,D80,2023-11-01,DEPT,,25462.0,,
IND-292,D80,2023-12-01,DEPT,,25960.0,,
IND-292,D80,2024-01-01,DEPT,,26236.0,,
IND-292,D80,2024-02-01,DEPT,,26448.0,,
IND-292,D80,2024-03-01,DEPT,,26890.0,,
IND-292,D80,2024-04-01,DEPT,,27214.0,,
IND-292,D81,2022-12-01,DEPT,16702.0,,,
IND-292,D81,2023-01-01,DEPT,,17255.0,,
IND-292,D81,2023-02-01,DEPT,,17647.0,,
IND-292,D81,2023-03-01,DEPT,,18164.0,,
IND-292,D81,2023-04-01,DEPT,,18823.0,,
IND-292,D81,2023-05-01,DEPT,,19362.0,,
IND-292,D81,2023-06-01,DEPT,,19770.0,,
IND-292,D81,2023-07-01,DEPT,,20110.0,,
IND-292,D81,2023-08-01,DEPT,,20329.0,,
IND-292,D81,2023-09-01,DEPT,,20594.0,,
IND-292,D81,2023-10-01,DEPT,,21024.0,,
IND-292,D81,2023-11-01,DEPT,,21569.0,,
IND-292,D81,2023-12-01,DEPT,,21939.0,,
IND-292,D81,2024-01-01,DEPT,,22125.0,,
IND-292,D81,2024-02-01,DEPT,,22297.0,,
IND-292,D81,2024-03-01,DEPT,,22580.0,,
IND-292,D81,2024-04-01,DEPT,,22753.0,,
IND-292,D82,2022-12-01,DEPT,9815.0,,,
IND-292,D82,2023-01-01,DEPT,,10113.0,,
IND-292,D82,2023-02-01,DEPT,,10309.0,,
IND-292,D82,2023-03-01,DEPT,,10627.0,,
IND-292,D82,2023-04-01,DEPT,,11028.0,,
IND-292,D82,2023-05-01,DEPT,,11358.0,,
IND-292,D82,2023-06-01,DEPT,,11623.0,,
IND-292,D82,2023-07-01,DEPT,,11823.0,,
IND-292,D82,2023-08-01,DEPT,,12010.0,,
IND-292,D82,2023-09-01,DEPT,,12171.0,,
IND-292,D82,2023-10-01,DEPT,,12458.0,,
IND-292,D82,2023-11-01,DEPT,,12792.0,,
IND-292,D82,2023-12-01,DEPT,,13004.0,,
IND-292,D82,2024-01-01,DEPT,,13140.0,,
IND-292,D82,2024-02-01,DEPT,,13246.0,,
IND-292,D82,2024-03-01,DEPT,,13405.0,,
IND-292,D82,2024-04-01,DEPT,,13506.0,,
IND-292,D83,2022-12-01,DEPT,12191.0,,,
IND-292,D83,2023-01-01,DEPT,,12597.0,,
IND-292,D83,2023-02-01,DEPT,,12863.0,,
IND-292,D83,2023-03-01,DEPT,,13243.0,,
IND-292,D83,2023-04-01,DEPT,,13712.0,,
IND-292,D83,2023-05-01,DEPT,,14201.0,,
IND-292,D83,2023-06-01,DEPT,,14584.0,,
IND-292,D83,2023-07-01,DEPT,,15090.0,,
IND-292,D83,2023-08-01,DEPT,,15373.0,,
IND-292,D83,2023-09-01,DEPT,,15668.0,,
IND-292,D83,2023-10-01,DEPT,,16173.0,,
IND-292,D83,2023-11-01,DEPT,,16757.0,,
IND-292,D83,2023-12-01,DEPT,,17100.0,,
IND-292,D83,2024-01-01,DEPT,,17311.0,,
IND-292,D83,2024-02-01,DEPT,,17500.0,,
IND-292,D83,2024-03-01,DEPT,,17779.0,,
IND-292,D83,2024-04-01,DEPT,,17957.0,,
IND-292,D84,2022-12-01,DEPT,13985.0,,,
IND-292,D84,2023-01-01,DEPT,,14478.0,,
IND-292,D84,2023-02-01,DEPT,,14776.0,,
IND-292,D84,2023-03-01,DEPT,,15279.0,,
IND-292,D84,2023-04-01,DEPT,,15883.0,,
IND-292,D84,2023-05-01,DEPT,,16434.0,,
IND-292,D84,2023-06-01,DEPT,,16818.0,,
IND-292,D84,2023-07-01,DEPT,,17156.0,,
IND-292,D84,2023-08-01,DEPT,,17425.0,,
IND-292,D84,2023-09-01,DEPT,,17721.0,,
IND-292,D84,2023-10-01,DEPT,,18196.0,,
IND-292,D84,2023-11-01,DEPT,,18698.0,,
IND-292,D84,2023-12-01,DEPT,,19083.0,,
IND-292,D84,2024-01-01,DEPT,,19292.0,,
IND-292,D84,2024-02-01,DEPT,,19454.0,,
IND-292,D84,2024-03-01,DEPT,,19778.0,,
IND-292,D84,2024-04-01,DEPT,,19981.0,,
IND-292,D85,2022-12-01,DEPT,27520.0,,,
IND-292,D85,2023-01-01,DEPT,,28399.0,,
IND-292,D85,2023-02-01,DEPT,,29042.0,,
IND-292,D85,2023-03-01,DEPT,,29991.0,,
IND-292,D85,2023-04-01,DEPT,,31080.0,,
IND-292,D85,2023-05-01,DEPT,,32154.0,,
IND-292,D85,2023-06-01,DEPT,,33005.0,,
IND-292,D85,2023-07-01,DEPT,,33703.0,,
IND-292,D85,2023-08-01,DEPT,,34270.0,,
IND-292,D85,2023-09-01,DEPT,,34768.0,,
IND-292,D85,2023-10-01,DEPT,,35634.0,,
IND-292,D85,2023-11-01,DEPT,,36674.0,,
IND-292,D85,2023-12-01,DEPT,,37603.0,,
IND-292,D85,2024-01-01,DEPT,,37979.0,,
IND-292,D85,2024-02-01,DEPT,,38336.0,,
IND-292,D85,2024-03-01,DEPT,,39035.0,,
IND-292,D85,2024-04-01,DEPT,,39437.0,,
IND-292,D86,2022-12-01,DEPT,14027.0,,,
IND-292,D86,2023-01-01,DEPT,,14496.0,,
IND-292,D86,2023-02-01,DEPT,,14851.0,,
IND-292,D86,2023-03-01,DEPT,,15331.0,,
IND-292,D86,2023-04-01,DEPT,,15943.0,,
IND-292,D86,2023-05-01,DEPT,,16495.0,,
IND-292,D86,2023-06-01,DEPT,,16899.0,,
IND-292,D86,2023-07-01,DEPT,,17335.0,,
IND-292,D86,2023-08-01,DEPT,,17623.0,,
IND-292,D86,2023-09-01,DEPT,,17872.0,,
IND-292,D86,2023-10-01,DEPT,,18293.0,,
IND-292,D86,2023-11-01,DEPT,,18884.0,,
IND-292,D86,2023-12-01,DEPT,,19276.0,,
IND-292,D86,2024-01-01,DEPT,,19491.0,,
IND-292,D86,2024-02-01,DEPT,,19653.0,,
IND-292,D86,2024-03-01,DEPT,,19944.0,,
IND-292,D86,2024-04-01,DEPT,,20131.0,,
IND-292,D87,2022-12-01,DEPT,11881.0,,,
IND-292,D87,2023-01-01,DEPT,,12303.0,,
IND-292,D87,2023-02-01,DEPT,,12599.0,,
IND-292,D87,2023-03-01,DEPT,,12995.0,,
IND-292,D87,2023-04-01,DEPT,,13560.0,,
IND-292,D87,2023-05-01,DEPT,,14031.0,,
IND-292,D87,2023-06-01,DEPT,,14453.0,,
IND-292,D87,2023-07-01,DEPT,,14767.0,,
IND-292,D87,2023-08-01,DEPT,,15001.0,,
IND-292,D87,2023-09-01,DEPT,,15215.0,,
IND-292,D87,2023-10-01,DEPT,,15591.0,,
IND-292,D87,2023-11-01,DEPT,,16012.0,,
IND-292,D87,2023-12-01,DEPT,,16377.0,,
IND-292,D87,2024-01-01,DEPT,,16584.0,,
IND-292,D87,2024-02-01,DEPT,,16745.0,,
IND-292,D87,2024-03-01,DEPT,,17017.0,,
IND-292,D87,2024-04-01,DEPT,,17226.0,,
IND-292,D88,2022-12-01,DEPT,15727.0,,,
IND-292,D88,2023-01-01,DEPT,,16273.0,,
IND-292,D88,2023-02-01,DEPT,,16693.0,,
IND-292,D88,2023-03-01,DEPT,,17261.0,,
IND-292,D88,2023-04-01,DEPT,,17883.0,,
IND-292,D88,2023-05-01,DEPT,,18465.0,,
IND-292,D88,2023-06-01,DEPT,,19055.0,,
IND-292,D88,2023-07-01,DEPT,,19497.0,,
IND-292,D88,2023-08-01,DEPT,,19795.0,,
IND-292,D88,2023-09-01,DEPT,,20065.0,,
IND-292,D88,2023-10-01,DEPT,,20516.0,,
IND-292,D88,2023-11-01,DEPT,,21043.0,,
IND-292,D88,2023-12-01,DEPT,,21440.0,,
IND-292,D88,2024-01-01,DEPT,,21627.0,,
IND-292,D88,2024-02-01,DEPT,,21788.0,,
IND-292,D88,2024-03-01,DEPT,,22047.0,,
IND-292,D88,2024-04-01,DEPT,,22260.0,,
IND-292,D89,2022-12-01,DEPT,12524.0,,,
IND-292,D89,2023-01-01,DEPT,,12904.0,,
IND-292,D89,2023-02-01,DEPT,,13183.0,,
IND-292,D89,2023-03-01,DEPT,,13538.0,,
IND-292,D89,2023-04-01,DEPT,,14010.0,,
IND-292,D89,2023-05-01,DEPT,,14454.0,,
IND-292,D89,2023-06-01,DEPT,,14797.0,,
IND-292,D89,2023-07-01,DEPT,,15073.0,,
IND-292,D89,2023-08-01,DEPT,,15323.0,,
IND-292,D89,2023-09-01,DEPT,,15542.0,,
IND-292,D89,2023-10-01,DEPT,,15940.0,,
IND-292,D89,2023-11-01,DEPT,,16312.0,,
IND-292,D89,2023-12-01,DEPT,,16605.0,,
IND-292,D89,2024-01-01,DEPT,,16759.0,,
IND-292,D89,2024-02-01,DEPT,,16880.0,,
IND-292,D89,2024-03-01,DEPT,,17124.0,,
IND-292,D89,2024-04-01,DEPT,,17289.0,,
IND-292,D90,2022-12-01,DEPT,3742.0,,,
IND-292,D90,2023-01-01,DEPT,,3865.0,,
IND-292,D90,2023-02-01,DEPT,,3954.0,,
IND-292,D90,2023-03-01,DEPT,,4086.0,,
IND-292,D90,2023-04-01,DEPT,,4252.0,,
IND-292,D90,2023-05-01,DEPT,,4383.0,,
IND-292,D90,2023-06-01,DEPT,,4471.0,,
IND-292,D90,2023-07-01,DEPT,,4571.0,,
IND-292,D90,2023-08-01,DEPT,,4644.0,,
IND-292,D90,2023-09-01,DEPT,,4714.0,,
IND-292,D90,2023-10-01,DEPT,,4843.0,,
IND-292,D90,2023-11-01,DEPT,,4962.0,,
IND-292,D90,2023-12-01,DEPT,,5085.0,,
IND-292,D90,2024-01-01,DEPT,,5121.0,,
IND-292,D90,2024-02-01,DEPT,,5166.0,,
IND-292,D90,2024-03-01,DEPT,,5228.0,,
IND-292,D90,2024-04-01,DEPT,,5284.0,,
IND-292,D91,2022-12-01,DEPT,25189.0,,,
IND-292,D91,2023-01-01,DEPT,,26000.0,,
IND-292,D91,2023-02-01,DEPT,,26667.0,,
IND-292,D91,2023-03-01,DEPT,,27640.0,,
IND-292,D91,2023-04-01,DEPT,,28845.0,,
IND-292,D91,2023-05-01,DEPT,,29819.0,,
IND-292,D91,2023-06-01,DEPT,,30685.0,,
IND-292,D91,2023-07-01,DEPT,,31341.0,,
IND-292,D91,2023-08-01,DEPT,,32270.0,,
IND-292,D91,2023-09-01,DEPT,,32780.0,,
IND-292,D91,2023-10-01,DEPT,,33675.0,,
IND-292,D91,2023-11-01,DEPT,,35629.0,,
IND-292,D91,2023-12-01,DEPT,,36695.0,,
IND-292,D91,2024-01-01,DEPT,,37120.0,,
IND-292,D91,2024-02-01,DEPT,,37457.0,,
IND-292,D91,2024-03-01,DEPT,,38090.0,,
IND-292,D91,2024-04-01,DEPT,,38403.0,,
IND-292,D92,2022-12-01,DEPT,4741.0,,,
IND-292,D92,2023-01-01,DEPT,,4926.0,,
IND-292,D92,2023-02-01,DEPT,,5077.0,,
IND-292,D92,2023-03-01,DEPT,,5404.0,,
IND-292,D92,2023-04-01,DEPT,,5648.0,,
IND-292,D92,2023-05-01,DEPT,,5916.0,,
IND-292,D92,2023-06-01,DEPT,,6442.0,,
IND-292,D92,2023-07-01,DEPT,,6862.0,,
IND-292,D92,2023-08-01,DEPT,,7098.0,,
IND-292,D92,2023-09-01,DEPT,,7400.0,,
IND-292,D92,2023-10-01,DEPT,,7905.0,,
IND-292,D92,2023-11-01,DEPT,,8368.0,,
IND-292,D92,2023-12-01,DEPT,,9194.0,,
IND-292,D92,2024-01-01,DEPT,,9350.0,,
IND-292,D92,2024-02-01,DEPT,,9488.0,,
IND-292,D92,2024-03-01,DEPT,,9703.0,,
IND-292,D92,2024-04-01,DEPT,,9814.0,,
IND-292,D93,2022-12-01,DEPT,23129.0,,,
IND-292,D93,2023-01-01,DEPT,,23843.0,,
IND-292,D93,2023-02-01,DEPT,,24399.0,,
IND-292,D93,2023-03-01,DEPT,,25061.0,,
IND-292,D93,2023-04-01,DEPT,,25742.0,,
IND-292,D93,2023-05-01,DEPT,,26817.0,,
IND-292,D93,2023-06-01,DEPT,,27413.0,,
IND-292,D93,2023-07-01,DEPT,,28324.0,,
IND-292,D93,2023-08-01,DEPT,,28831.0,,
IND-292,D93,2023-09-01,DEPT,,29428.0,,
IND-292,D93,2023-10-01,DEPT,,30236.0,,
IND-292,D93,2023-11-01,DEPT,,31254.0,,
IND-292,D93,2023-12-01,DEPT,,31869.0,,
IND-292,D93,2024-01-01,DEPT,,32248.0,,
IND-292,D93,2024-02-01,DEPT,,32521.0,,
IND-292,D93,2024-03-01,DEPT,,33010.0,,
IND-292,D93,2024-04-01,DEPT,,33261.0,,
IND-292,D94,2022-12-01,DEPT,11141.0,,,
IND-292,D94,2023-01-01,DEPT,,11549.0,,
IND-292,D94,2023-02-01,DEPT,,11967.0,,
IND-292,D94,2023-03-01,DEPT,,12364.0,,
IND-292,D94,2023-04-01,DEPT,,12982.0,,
IND-292,D94,2023-05-01,DEPT,,13379.0,,
IND-292,D94,2023-06-01,DEPT,,14220.0,,
IND-292,D94,2023-07-01,DEPT,,14546.0,,
IND-292,D94,2023-08-01,DEPT,,14852.0,,
IND-292,D94,2023-09-01,DEPT,,15260.0,,
IND-292,D94,2023-10-01,DEPT,,15766.0,,
IND-292,D94,2023-11-01,DEPT,,16702.0,,
IND-292,D94,2023-12-01,DEPT,,17733.0,,
IND-292,D94,2024-01-01,DEPT,,17967.0,,
IND-292,D94,2024-02-01,DEPT,,18166.0,,
IND-292,D94,2024-03-01,DEPT,,18698.0,,
IND-292,D94,2024-04-01,DEPT,,18900.0,,
IND-292,D95,2022-12-01,DEPT,26191.0,,,
IND-292,D95,2023-01-01,DEPT,,27032.0,,
IND-292,D95,2023-02-01,DEPT,,27630.0,,
IND-292,D95,2023-03-01,DEPT,,28776.0,,
IND-292,D95,2023-04-01,DEPT,,29711.0,,
IND-292,D95,2023-05-01,DEPT,,30689.0,,
IND-292,D95,2023-06-01,DEPT,,31432.0,,
IND-292,D95,2023-07-01,DEPT,,32079.0,,
IND-292,D95,2023-08-01,DEPT,,32582.0,,
IND-292,D95,2023-09-01,DEPT,,33065.0,,
IND-292,D95,2023-10-01,DEPT,,33894.0,,
IND-292,D95,2023-11-01,DEPT,,34842.0,,
IND-292,D95,2023-12-01,DEPT,,35742.0,,
IND-292,D95,2024-01-01,DEPT,,36151.0,,
IND-292,D95,2024-02-01,DEPT,,36497.0,,
IND-292,D95,2024-03-01,DEPT,,37010.0,,
IND-292,D95,2024-04-01,DEPT,,37298.0,,
IND-292,D971,2022-12-01,DEPT,4855.0,,,
IND-292,D971,2023-01-01,DEPT,,4880.0,,
IND-292,D971,2023-02-01,DEPT,,4894.0,,
IND-292,D971,2023-03-01,DEPT,,4914.0,,
IND-292,D971,2023-04-01,DEPT,,4955.0,,
IND-292,D971,2023-05-01,DEPT,,5026.0,,
IND-292,D971,2023-06-01,DEPT,,5055.0,,
IND-292,D971,2023-07-01,DEPT,,5138.0,,
IND-292,D971,2023-08-01,DEPT,,5237.0,,
IND-292,D971,2023-09-01,DEPT,,5334.0,,
IND-292,D971,2023-10-01,DEPT,,5404.0,,
IND-292,D971,2023-11-01,DEPT,,5431.0,,
IND-292,D971,2023-12-01,DEPT,,5442.0,,
IND-292,D971,2024-01-01,DEPT,,5467.0,,
IND-292,D971,2024-02-01,DEPT,,5519.0,,
IND-292,D971,2024-03-01,DEPT,,5595.0,,
IND-292,D971,2024-04-01,DEPT,,5652.0,,
IND-292,D972,2022-12-01,DEPT,3464.0,,,
IND-292,D972,2023-01-01,DEPT,,3593.0,,
IND-292,D972,2023-02-01,DEPT,,3675.0,,
IND-292,D972,2023-03-01,DEPT,,3788.0,,
IND-292,D972,2023-04-01,DEPT,,3909.0,,
IND-292,D972,2023-05-01,DEPT,,4087.0,,
IND-292,D972,2023-06-01,DEPT,,4219.0,,
IND-292,D972,2023-07-01,DEPT,,4308.0,,
IND-292,D972,2023-08-01,DEPT,,4392.0,,
IND-292,D972,2023-09-01,DEPT,,4517.0,,
IND-292,D972,2023-10-01,DEPT,,4610.0,,
IND-292,D972,2023-11-01,DEPT,,4704.0,,
IND-292,D972,2023-12-01,DEPT,,4770.0,,
IND-292,D972,2024-01-01,DEPT,,4815.0,,
IND-292,D972,2024-02-01,DEPT,,4863.0,,
IND-292,D972,2024-03-01,DEPT,,4945.0,,
IND-292,D972,2024-04-01,DEPT,,5029.0,,
IND-292,D973,2022-12-01,DEPT,114.0,,,
IND-292,D973,2023-01-01,DEPT,,132.0,,
IND-292,D973,2023-02-01,DEPT,,139.0,,
IND-292,D973,2023-03-01,DEPT,,150.0,,
IND-292,D973,2023-04-01,DEPT,,163.0,,
IND-292,D973,2023-05-01,DEPT,,170.0,,
IND-292,D973,2023-06-01,DEPT,,176.0,,
IND-292,D973,2023-07-01,DEPT,,192.0,,
IND-292,D973,2023-08-01,DEPT,,208.0,,
IND-292,D973,2023-09-01,DEPT,,232.0,,
IND-292,D973,2023-10-01,DEPT,,249.0,,
IND-292,D973,2023-11-01,DEPT,,252.0,,
IND-292,D973,2023-12-01,DEPT,,254.0,,
IND-292,D973,2024-01-01,DEPT,,255.0,,
IND-292,D973,2024-02-01,DEPT,,269.0,,
IND-292,D973,2024-03-01,DEPT,,275.0,,
IND-292,D973,2024-04-01,DEPT,,284.0,,
IND-292,D974,2022-12-01,DEPT,6136.0,,,
IND-292,D974,2023-01-01,DEPT,,6187.0,,
IND-292,D974,2023-02-01,DEPT,,6262.0,,
IND-292,D974,2023-03-01,DEPT,,6330.0,,
IND-292,D974,2023-04-01,DEPT,,6434.0,,
IND-292,D974,2023-05-01,DEPT,,6541.0,,
IND-292,D974,2023-06-01,DEPT,,6677.0,,
IND-292,D974,2023-07-01,DEPT,,6803.0,,
IND-292,D974,2023-08-01,DEPT,,6980.0,,
IND-292,D974,2023-09-01,DEPT,,7145.0,,
IND-292,D974,2023-10-01,DEPT,,7334.0,,
IND-292,D974,2023-11-01,DEPT,,7506.0,,
IND-292,D974,2023-12-01,DEPT,,7573.0,,
IND-292,D974,2024-01-01,DEPT,,7647.0,,
IND-292,D974,2024-02-01,DEPT,,7796.0,,
IND-292,D974,2024-03-01,DEPT,,7977.0,,
IND-292,D974,2024-04-01,DEPT,,8086.0,,
IND-292,D976,2022-12-01,DEPT,31.0,,,
IND-292,D976,2023-01-01,DEPT,,34.0,,
IND-292,D976,2023-02-01,DEPT,,39.0,,
IND-292,D976,2023-03-01,DEPT,,43.0,,
IND-292,D976,2023-04-01,DEPT,,47.0,,
IND-292,D976,2023-05-01,DEPT,,48.0,,
IND-292,D976,2023-06-01,DEPT,,50.0,,
IND-292,D976,2023-07-01,DEPT,,59.0,,
IND-292,D976,2023-08-01,DEPT,,67.0,,
IND-292,D976,2023-09-01,DEPT,,83.0,,
IND-292,D976,2023-10-01,DEPT,,110.0,,
IND-292,D976,2023-11-01,DEPT,,119.0,,
IND-292,D976,2023-12-01,DEPT,,119.0,,
IND-292,D976,2024-01-01,DEPT,,119.0,,
IND-292,D976,2024-02-01,DEPT,,136.0,,
IND-292,D976,2024-03-01,DEPT,,139.0,,
IND-292,D976,2024-04-01,DEPT,,141.0,,
IND-292,FRANCE,2022-12-01,NAT,1564159.0,,,
IND-292,FRANCE,2023-01-01,NAT,,1614144.0,,
IND-292,FRANCE,2023-02-01,NAT,,1652141.0,,
IND-292,FRANCE,2023-03-01,NAT,,1702205.0,,
IND-292,FRANCE,2023-04-01,NAT,,1765605.0,,
IND-292,FRANCE,2023-05-01,NAT,,1823480.0,,
IND-292,FRANCE,2023-06-01,NAT,,1869580.0,,
IND-292,FRANCE,2023-07-01,NAT,,1912092.0,,
IND-292,FRANCE,2023-08-01,NAT,,1944285.0,,
IND-292,FRANCE,2023-09-01,NAT,,1976717.0,,
IND-292,FRANCE,2023-10-01,NAT,,2030229.0,,
IND-292,FRANCE,2023-11-01,NAT,,2091402.0,,
IND-292,FRANCE,2023-12-01,NAT,,2143630.0,,
IND-292,FRANCE,2024-01-01,NAT,,2166733.0,,
IND-292,FRANCE,2024-02-01,NAT,,2185166.0,,
IND-292,FRANCE,2024-03-01,NAT,,2217389.0,,
IND-292,FRANCE,2024-04-01,NAT,,2238358.0,,18.39
IND-292,FRANCE,2026-12-01,NAT,,,5230000.0,
IND-292,R01,2022-12-01,REG,4855.0,,,
IND-292,R01,2023-01-01,REG,,4880.0,,
IND-292,R01,2023-02-01,REG,,4894.0,,
IND-292,R01,2023-03-01,REG,,4914.0,,
IND-292,R01,2023-04-01,REG,,4955.0,,
IND-292,R01,2023-05-01,REG,,5026.0,,
IND-292,R01,2023-06-01,REG,,5055.0,,
IND-292,R01,2023-07-01,REG,,5138.0,,
IND-292,R01,2023-08-01,REG,,5237.0,,
IND-292,R01,2023-09-01,REG,,5334.0,,
IND-292,R01,2023-10-01,REG,,5404.0,,
IND-292,R01,2023-11-01,REG,,5431.0,,
IND-292,R01,2023-12-01,REG,,5442.0,,
IND-292,R01,2024-01-01,REG,,5467.0,,
IND-292,R01,2024-02-01,REG,,5519.0,,
IND-292,R01,2024-03-01,REG,,5595.0,,
IND-292,R01,2024-04-01,REG,,5652.0,,
IND-292,R02,2022-12-01,REG,3464.0,,,
IND-292,R02,2023-01-01,REG,,3593.0,,
IND-292,R02,2023-02-01,REG,,3675.0,,
IND-292,R02,2023-03-01,REG,,3788.0,,
IND-292,R02,2023-04-01,REG,,3909.0,,
IND-292,R02,2023-05-01,REG,,4087.0,,
IND-292,R02,2023-06-01,REG,,4219.0,,
IND-292,R02,2023-07-01,REG,,4308.0,,
IND-292,R02,2023-08-01,REG,,4392.0,,
IND-292,R02,2023-09-01,REG,,4517.0,,
IND-292,R02,2023-10-01,REG,,4610.0,,
IND-292,R02,2023-11-01,REG,,4704.0,,
IND-292,R02,2023-12-01,REG,,4770.0,,
IND-292,R02,2024-01-01,REG,,4815.0,,
IND-292,R02,2024-02-01,REG,,4863.0,,
IND-292,R02,2024-03-01,REG,,4945.0,,
IND-292,R02,2024-04-01,REG,,5029.0,,
IND-292,R03,2022-12-01,REG,114.0,,,
IND-292,R03,2023-01-01,REG,,132.0,,
IND-292,R03,2023-02-01,REG,,139.0,,
IND-292,R03,2023-03-01,REG,,150.0,,
IND-292,R03,2023-04-01,REG,,163.0,,
IND-292,R03,2023-05-01,REG,,170.0,,
IND-292,R03,2023-06-01,REG,,176.0,,
IND-292,R03,2023-07-01,REG,,192.0,,
IND-292,R03,2023-08-01,REG,,208.0,,
IND-292,R03,2023-09-01,REG,,232.0,,
IND-292,R03,2023-10-01,REG,,249.0,,
IND-292,R03,2023-11-01,REG,,252.0,,
IND-292,R03,2023-12-01,REG,,254.0,,
IND-292,R03,2024-01-01,REG,,255.0,,
IND-292,R03,2024-02-01,REG,,269.0,,
IND-292,R03,2024-03-01,REG,,275.0,,
IND-292,R03,2024-04-01,REG,,284.0,,
IND-292,R04,2022-12-01,REG,6136.0,,,
IND-292,R04,2023-01-01,REG,,6187.0,,
IND-292,R04,2023-02-01,REG,,6262.0,,
IND-292,R04,2023-03-01,REG,,6330.0,,
IND-292,R04,2023-04-01,REG,,6434.0,,
IND-292,R04,2023-05-01,REG,,6541.0,,
IND-292,R04,2023-06-01,REG,,6677.0,,
IND-292,R04,2023-07-01,REG,,6803.0,,
IND-292,R04,2023-08-01,REG,,6980.0,,
IND-292,R04,2023-09-01,REG,,7145.0,,
IND-292,R04,2023-10-01,REG,,7334.0,,
IND-292,R04,2023-11-01,REG,,7506.0,,
IND-292,R04,2023-12-01,REG,,7573.0,,
IND-292,R04,2024-01-01,REG,,7647.0,,
IND-292,R04,2024-02-01,REG,,7796.0,,
IND-292,R04,2024-03-01,REG,,7977.0,,
IND-292,R04,2024-04-01,REG,,8086.0,,
IND-292,R06,2022-12-01,REG,31.0,,,
IND-292,R06,2023-01-01,REG,,34.0,,
IND-292,R06,2023-02-01,REG,,39.0,,
IND-292,R06,2023-03-01,REG,,43.0,,
IND-292,R06,2023-04-01,REG,,47.0,,
IND-292,R06,2023-05-01,REG,,48.0,,
IND-292,R06,2023-06-01,REG,,50.0,,
IND-292,R06,2023-07-01,REG,,59.0,,
IND-292,R06,2023-08-01,REG,,67.0,,
IND-292,R06,2023-09-01,REG,,83.0,,
IND-292,R06,2023-10-01,REG,,110.0,,
IND-292,R06,2023-11-01,REG,,119.0,,
IND-292,R06,2023-12-01,REG,,119.0,,
IND-292,R06,2024-01-01,REG,,119.0,,
IND-292,R06,2024-02-01,REG,,136.0,,
IND-292,R06,2024-03-01,REG,,139.0,,
IND-292,R06,2024-04-01,REG,,141.0,,
IND-292,R11,2022-12-01,REG,152074.0,,,
IND-292,R11,2023-01-01,REG,,157049.0,,
IND-292,R11,2023-02-01,REG,,160989.0,,
IND-292,R11,2023-03-01,REG,,166406.0,,
IND-292,R11,2023-04-01,REG,,172527.0,,
IND-292,R11,2023-05-01,REG,,178613.0,,
IND-292,R11,2023-06-01,REG,,184047.0,,
IND-292,R11,2023-07-01,REG,,189473.0,,
IND-292,R11,2023-08-01,REG,,193594.0,,
IND-292,R11,2023-09-01,REG,,197450.0,,
IND-292,R11,2023-10-01,REG,,203658.0,,
IND-292,R11,2023-11-01,REG,,212370.0,,
IND-292,R11,2023-12-01,REG,,220357.0,,
IND-292,R11,2024-01-01,REG,,223116.0,,
IND-292,R11,2024-02-01,REG,,225262.0,,
IND-292,R11,2024-03-01,REG,,229311.0,,
IND-292,R11,2024-04-01,REG,,231462.0,,
IND-292,R24,2022-12-01,REG,69949.0,,,
IND-292,R24,2023-01-01,REG,,72349.0,,
IND-292,R24,2023-02-01,REG,,74033.0,,
IND-292,R24,2023-03-01,REG,,76166.0,,
IND-292,R24,2023-04-01,REG,,78900.0,,
IND-292,R24,2023-05-01,REG,,81541.0,,
IND-292,R24,2023-06-01,REG,,83640.0,,
IND-292,R24,2023-07-01,REG,,85455.0,,
IND-292,R24,2023-08-01,REG,,86765.0,,
IND-292,R24,2023-09-01,REG,,88316.0,,
IND-292,R24,2023-10-01,REG,,90767.0,,
IND-292,R24,2023-11-01,REG,,93286.0,,
IND-292,R24,2023-12-01,REG,,95796.0,,
IND-292,R24,2024-01-01,REG,,96764.0,,
IND-292,R24,2024-02-01,REG,,97604.0,,
IND-292,R24,2024-03-01,REG,,99147.0,,
IND-292,R24,2024-04-01,REG,,100094.0,,
IND-292,R27,2022-12-01,REG,96703.0,,,
IND-292,R27,2023-01-01,REG,,99650.0,,
IND-292,R27,2023-02-01,REG,,101887.0,,
IND-292,R27,2023-03-01,REG,,104807.0,,
IND-292,R27,2023-04-01,REG,,108616.0,,
IND-292,R27,2023-05-01,REG,,112000.0,,
IND-292,R27,2023-06-01,REG,,114597.0,,
IND-292,R27,2023-07-01,REG,,116917.0,,
IND-292,R27,2023-08-01,REG,,118779.0,,
IND-292,R27,2023-09-01,REG,,120458.0,,
IND-292,R27,2023-10-01,REG,,123384.0,,
IND-292,R27,2023-11-01,REG,,126665.0,,
IND-292,R27,2023-12-01,REG,,129167.0,,
IND-292,R27,2024-01-01,REG,,130535.0,,
IND-292,R27,2024-02-01,REG,,131526.0,,
IND-292,R27,2024-03-01,REG,,133179.0,,
IND-292,R27,2024-04-01,REG,,134331.0,,
IND-292,R28,2022-12-01,REG,95456.0,,,
IND-292,R28,2023-01-01,REG,,98661.0,,
IND-292,R28,2023-02-01,REG,,101005.0,,
IND-292,R28,2023-03-01,REG,,103898.0,,
IND-292,R28,2023-04-01,REG,,107900.0,,
IND-292,R28,2023-05-01,REG,,111304.0,,
IND-292,R28,2023-06-01,REG,,113992.0,,
IND-292,R28,2023-07-01,REG,,116321.0,,
IND-292,R28,2023-08-01,REG,,118150.0,,
IND-292,R28,2023-09-01,REG,,119783.0,,
IND-292,R28,2023-10-01,REG,,122936.0,,
IND-292,R28,2023-11-01,REG,,126500.0,,
IND-292,R28,2023-12-01,REG,,129313.0,,
IND-292,R28,2024-01-01,REG,,130802.0,,
IND-292,R28,2024-02-01,REG,,131948.0,,
IND-292,R28,2024-03-01,REG,,133857.0,,
IND-292,R28,2024-04-01,REG,,135235.0,,
IND-292,R32,2022-12-01,REG,180310.0,,,
IND-292,R32,2023-01-01,REG,,185451.0,,
IND-292,R32,2023-02-01,REG,,189336.0,,
IND-292,R32,2023-03-01,REG,,194364.0,,
IND-292,R32,2023-04-01,REG,,200378.0,,
IND-292,R32,2023-05-01,REG,,205946.0,,
IND-292,R32,2023-06-01,REG,,210533.0,,
IND-292,R32,2023-07-01,REG,,214613.0,,
IND-292,R32,2023-08-01,REG,,217926.0,,
IND-292,R32,2023-09-01,REG,,221315.0,,
IND-292,R32,2023-10-01,REG,,227039.0,,
IND-292,R32,2023-11-01,REG,,233182.0,,
IND-292,R32,2023-12-01,REG,,238019.0,,
IND-292,R32,2024-01-01,REG,,240558.0,,
IND-292,R32,2024-02-01,REG,,242630.0,,
IND-292,R32,2024-03-01,REG,,246757.0,,
IND-292,R32,2024-04-01,REG,,249577.0,,
IND-292,R44,2022-12-01,REG,155211.0,,,
IND-292,R44,2023-01-01,REG,,160399.0,,
IND-292,R44,2023-02-01,REG,,164192.0,,
IND-292,R44,2023-03-01,REG,,169294.0,,
IND-292,R44,2023-04-01,REG,,175457.0,,
IND-292,R44,2023-05-01,REG,,181563.0,,
IND-292,R44,2023-06-01,REG,,185946.0,,
IND-292,R44,2023-07-01,REG,,189983.0,,
IND-292,R44,2023-08-01,REG,,193157.0,,
IND-292,R44,2023-09-01,REG,,196632.0,,
IND-292,R44,2023-10-01,REG,,202193.0,,
IND-292,R44,2023-11-01,REG,,207771.0,,
IND-292,R44,2023-12-01,REG,,212979.0,,
IND-292,R44,2024-01-01,REG,,215081.0,,
IND-292,R44,2024-02-01,REG,,216669.0,,
IND-292,R44,2024-03-01,REG,,219466.0,,
IND-292,R44,2024-04-01,REG,,221276.0,,
IND-292,R52,2022-12-01,REG,114448.0,,,
IND-292,R52,2023-01-01,REG,,118064.0,,
IND-292,R52,2023-02-01,REG,,120939.0,,
IND-292,R52,2023-03-01,REG,,124860.0,,
IND-292,R52,2023-04-01,REG,,129924.0,,
IND-292,R52,2023-05-01,REG,,134443.0,,
IND-292,R52,2023-06-01,REG,,137904.0,,
IND-292,R52,2023-07-01,REG,,140919.0,,
IND-292,R52,2023-08-01,REG,,143207.0,,
IND-292,R52,2023-09-01,REG,,145476.0,,
IND-292,R52,2023-10-01,REG,,148967.0,,
IND-292,R52,2023-11-01,REG,,153356.0,,
IND-292,R52,2023-12-01,REG,,157114.0,,
IND-292,R52,2024-01-01,REG,,158847.0,,
IND-292,R52,2024-02-01,REG,,160290.0,,
IND-292,R52,2024-03-01,REG,,162987.0,,
IND-292,R52,2024-04-01,REG,,164619.0,,
IND-292,R53,2022-12-01,REG,107970.0,,,
IND-292,R53,2023-01-01,REG,,111478.0,,
IND-292,R53,2023-02-01,REG,,114150.0,,
IND-292,R53,2023-03-01,REG,,117866.0,,
IND-292,R53,2023-04-01,REG,,122958.0,,
IND-292,R53,2023-05-01,REG,,127349.0,,
IND-292,R53,2023-06-01,REG,,130553.0,,
IND-292,R53,2023-07-01,REG,,133376.0,,
IND-292,R53,2023-08-01,REG,,135296.0,,
IND-292,R53,2023-09-01,REG,,137258.0,,
IND-292,R53,2023-10-01,REG,,140592.0,,
IND-292,R53,2023-11-01,REG,,144651.0,,
IND-292,R53,2023-12-01,REG,,148359.0,,
IND-292,R53,2024-01-01,REG,,150022.0,,
IND-292,R53,2024-02-01,REG,,151275.0,,
IND-292,R53,2024-03-01,REG,,153524.0,,
IND-292,R53,2024-04-01,REG,,155159.0,,
IND-292,R75,2022-12-01,REG,174054.0,,,
IND-292,R75,2023-01-01,REG,,179903.0,,
IND-292,R75,2023-02-01,REG,,184012.0,,
IND-292,R75,2023-03-01,REG,,189743.0,,
IND-292,R75,2023-04-01,REG,,197123.0,,
IND-292,R75,2023-05-01,REG,,203653.0,,
IND-292,R75,2023-06-01,REG,,208829.0,,
IND-292,R75,2023-07-01,REG,,213639.0,,
IND-292,R75,2023-08-01,REG,,217135.0,,
IND-292,R75,2023-09-01,REG,,220709.0,,
IND-292,R75,2023-10-01,REG,,226637.0,,
IND-292,R75,2023-11-01,REG,,233434.0,,
IND-292,R75,2023-12-01,REG,,238599.0,,
IND-292,R75,2024-01-01,REG,,241061.0,,
IND-292,R75,2024-02-01,REG,,243164.0,,
IND-292,R75,2024-03-01,REG,,246821.0,,
IND-292,R75,2024-04-01,REG,,249157.0,,
IND-292,R76,2022-12-01,REG,155465.0,,,
IND-292,R76,2023-01-01,REG,,160464.0,,
IND-292,R76,2023-02-01,REG,,164286.0,,
IND-292,R76,2023-03-01,REG,,169289.0,,
IND-292,R76,2023-04-01,REG,,175568.0,,
IND-292,R76,2023-05-01,REG,,180900.0,,
IND-292,R76,2023-06-01,REG,,185321.0,,
IND-292,R76,2023-07-01,REG,,189839.0,,
IND-292,R76,2023-08-01,REG,,192878.0,,
IND-292,R76,2023-09-01,REG,,196039.0,,
IND-292,R76,2023-10-01,REG,,201282.0,,
IND-292,R76,2023-11-01,REG,,207125.0,,
IND-292,R76,2023-12-01,REG,,211446.0,,
IND-292,R76,2024-01-01,REG,,213551.0,,
IND-292,R76,2024-02-01,REG,,215139.0,,
IND-292,R76,2024-03-01,REG,,217815.0,,
IND-292,R76,2024-04-01,REG,,219526.0,,
IND-292,R84,2022-12-01,REG,187154.0,,,
IND-292,R84,2023-01-01,REG,,193008.0,,
IND-292,R84,2023-02-01,REG,,197642.0,,
IND-292,R84,2023-03-01,REG,,203623.0,,
IND-292,R84,2023-04-01,REG,,211567.0,,
IND-292,R84,2023-05-01,REG,,218544.0,,
IND-292,R84,2023-06-01,REG,,224275.0,,
IND-292,R84,2023-07-01,REG,,229434.0,,
IND-292,R84,2023-08-01,REG,,233300.0,,
IND-292,R84,2023-09-01,REG,,237216.0,,
IND-292,R84,2023-10-01,REG,,243604.0,,
IND-292,R84,2023-11-01,REG,,250942.0,,
IND-292,R84,2023-12-01,REG,,257956.0,,
IND-292,R84,2024-01-01,REG,,260719.0,,
IND-292,R84,2024-02-01,REG,,262808.0,,
IND-292,R84,2024-03-01,REG,,265888.0,,
IND-292,R84,2024-04-01,REG,,268085.0,,
IND-292,R93,2022-12-01,REG,57846.0,,,
IND-292,R93,2023-01-01,REG,,59837.0,,
IND-292,R93,2023-02-01,REG,,61578.0,,
IND-292,R93,2023-03-01,REG,,63511.0,,
IND-292,R93,2023-04-01,REG,,65939.0,,
IND-292,R93,2023-05-01,REG,,68392.0,,
IND-292,R93,2023-06-01,REG,,70336.0,,
IND-292,R93,2023-07-01,REG,,72119.0,,
IND-292,R93,2023-08-01,REG,,73650.0,,
IND-292,R93,2023-09-01,REG,,75139.0,,
IND-292,R93,2023-10-01,REG,,77716.0,,
IND-292,R93,2023-11-01,REG,,80262.0,,
IND-292,R93,2023-12-01,REG,,82300.0,,
IND-292,R93,2024-01-01,REG,,83266.0,,
IND-292,R93,2024-02-01,REG,,84126.0,,
IND-292,R93,2024-03-01,REG,,85514.0,,
IND-292,R93,2024-04-01,REG,,86410.0,,
IND-292,R94,2022-12-01,REG,2919.0,,,
IND-292,R94,2023-01-01,REG,,3005.0,,
IND-292,R94,2023-02-01,REG,,3083.0,,
IND-292,R94,2023-03-01,REG,,3153.0,,
IND-292,R94,2023-04-01,REG,,3240.0,,
IND-292,R94,2023-05-01,REG,,3360.0,,
IND-292,R94,2023-06-01,REG,,3430.0,,
IND-292,R94,2023-07-01,REG,,3504.0,,
IND-292,R94,2023-08-01,REG,,3564.0,,
IND-292,R94,2023-09-01,REG,,3615.0,,
IND-292,R94,2023-10-01,REG,,3747.0,,
IND-292,R94,2023-11-01,REG,,3846.0,,
IND-292,R94,2023-12-01,REG,,4067.0,,
IND-292,R94,2024-01-01,REG,,4108.0,,
IND-292,R94,2024-02-01,REG,,4142.0,,
IND-292,R94,2024-03-01,REG,,4192.0,,
IND-292,R94,2024-04-01,REG,,4235.0,,
